name,code,indicator,indicator_code,y1960,y1961,y1962,y1963,y1964,y1965,y1966,y1967,y1968,y1969,y1970,y1971,y1972,y1973,y1974,y1975,y1976,y1977,y1978,y1979,y1980,y1981,y1982,y1983,y1984,y1985,y1986,y1987,y1988,y1989,y1990,y1991,y1992,y1993,y1994,y1995,y1996,y1997,y1998,y1999,y2000,y2001,y2002,y2003,y2004,y2005,y2006,y2007,y2008,y2009,y2010,y2011,y2012,y2013,y2014,y2015,y2016,y2017,y2018,y2019
Aruba,ABW,"Mortality rate, under-5 (per 1,000 live births)",SH.DYN.MORT,,,,,,,,,,,,,,,,,,,,,,,,,,,,,,,,,,,,,,,,,,,,,,,,,,,,,,,,,,,,
Afghanistan,AFG,"Mortality rate, under-5 (per 1,000 live births)",SH.DYN.MORT,,,345,339,333.1,327.6,322,316.8,311.4,305.8,300.3,294.8,289.3,283.6,277.8,272,266.2,260.1,254,247.8,241.5,235.1,228.6,222.2,215.8,209.3,202.9,196.4,190.1,183.8,177.7,171.7,165.9,160.4,155.2,150.3,145.6,141.2,136.9,132.8,128.7,124.6,120.4,116.3,112.1,107.9,103.7,99.5,95.4,91.4,87.6,83.9,80.3,76.8,73.6,70.4,67.6,64.9,62.5,60.3
Angola,AGO,"Mortality rate, under-5 (per 1,000 live births)",SH.DYN.MORT,,,,,,,,,,,,,,,,,,,,,237.3,234.6,231.9,229.2,227.1,225.5,224.3,223.4,222.8,222.3,222.2,222.1,222.1,222.3,221.9,221.2,219.7,217,213.5,209.2,203.9,197.8,190.9,183.2,174.6,165.6,156.2,146.8,137.4,128.6,120.3,112.3,105,98.6,93,88.2,84.2,80.6,77.7,74.7
Albania,ALB,"Mortality rate, under-5 (per 1,000 live births)",SH.DYN.MORT,,,,,,,,,,,,,,,,,,,96.2,88.6,81.6,75.2,69.2,63.9,59.2,55,51.3,48.1,45.4,43,41,39.3,37.8,36.5,35.2,33.9,32.6,31.3,29.9,28.6,27.2,25.8,24.4,22.9,21.4,20,18.5,17.1,15.8,14.5,13.2,12.1,11.2,10.4,9.9,9.6,9.4,9.4,9.5,9.7
Andorra,AND,"Mortality rate, under-5 (per 1,000 live births)",SH.DYN.MORT,,,,,,,,,,,,,,,,,,,,,,,,,,17.1,16.2,15.4,14.5,13.7,13,12.3,11.6,11.1,10.5,9.9,9.4,8.9,8.5,8.1,7.7,7.3,6.9,6.6,6.3,6,5.7,5.4,5.1,4.9,4.6,4.4,4.1,3.9,3.7,3.5,3.4,3.2,3.1,3
United Arab Emirates,ARE,"Mortality rate, under-5 (per 1,000 live births)",SH.DYN.MORT,200,190,180,170,159.6,149.1,138.4,127.8,117.3,107,97.2,88.2,79.9,72.2,65.2,58.9,53.1,47.9,43.1,38.8,35,31.7,28.8,26.4,24.3,22.6,21.1,19.8,18.6,17.5,16.6,15.7,14.9,14.3,13.7,13.2,12.7,12.3,11.9,11.5,11.2,10.9,10.6,10.3,10,9.7,9.4,9.2,8.9,8.7,8.5,8.3,8.1,8,7.9,7.8,7.8,7.7,7.6,7.5
Argentina,ARG,"Mortality rate, under-5 (per 1,000 live births)",SH.DYN.MORT,,,,,,,,,,72.5,71.8,70.8,69.6,68.1,66,63.3,59.8,55.7,51.2,46.8,42.8,39.4,36.5,34.1,32.1,30.6,29.6,29.1,28.9,28.9,28.6,28.1,27.3,26.3,25.2,24.1,23.1,22.1,21.2,20.4,19.6,19,18.3,17.7,17.1,16.5,16.1,15.7,15.3,14.9,14.4,13.9,13.3,12.7,12.1,11.5,10.9,10.3,9.8,9.3
Armenia,ARM,"Mortality rate, under-5 (per 1,000 live births)",SH.DYN.MORT,,,,,,,,,,,,,,,,,86.2,82.7,79.3,76.2,73.1,70.2,67.4,64.8,62.2,59.8,57.5,55.2,80.7,51,48.9,46.8,44.7,42.7,40.8,38.9,37.1,35.4,33.8,32.2,30.7,29.2,27.8,26.4,25.1,23.9,22.7,21.6,20.5,19.5,18.5,17.6,16.7,15.9,15.1,14.4,13.7,13,12.4,11.8
American Samoa,ASM,"Mortality rate, under-5 (per 1,000 live births)",SH.DYN.MORT,,,,,,,,,,,,,,,,,,,,,,,,,,,,,,,,,,,,,,,,,,,,,,,,,,,,,,,,,,,,
Antigua and Barbuda,ATG,"Mortality rate, under-5 (per 1,000 live births)",SH.DYN.MORT,86.2,80.2,73.8,67.3,60.7,54.5,48.6,43.4,38.9,35,31.8,29.1,26.9,25.1,23.5,22.1,20.8,19.5,18.3,17.2,16.3,15.5,14.8,14.3,13.9,13.7,13.6,13.5,13.6,13.8,14,14.3,14.6,15,15.3,15.6,15.9,16,15.9,15.7,15.5,15.1,14.6,14.1,13.5,12.9,12.3,11.7,11.1,10.6,10,9.5,9,8.5,8.1,7.8,7.4,7.1,6.9,6.6
Australia,AUS,"Mortality rate, under-5 (per 1,000 live births)",SH.DYN.MORT,24.8,24.3,23.7,23.2,22.7,22.4,22.1,22,21.9,21.7,21.5,21,20.3,19.4,18.4,17.3,16.2,15.2,14.4,13.6,13,12.6,12.2,11.9,11.6,11.3,11,10.6,10.2,9.7,9.2,8.7,8.2,7.7,7.3,7,6.8,6.6,6.4,6.3,6.2,6.1,6,5.9,5.8,5.7,5.6,5.4,5.2,5,4.8,4.5,4.3,4.1,4,3.9,3.8,3.7,3.7,3.6
Austria,AUT,"Mortality rate, under-5 (per 1,000 live births)",SH.DYN.MORT,42.8,40.2,37.9,35.9,34.2,32.7,31.5,30.5,29.7,29.3,29.1,28.7,28.1,26.9,25.1,23,21.1,19.4,18.1,17.1,16.3,15.5,14.8,14,13.3,12.6,11.9,11.1,10.5,10,9.5,9.1,8.6,8,7.4,6.8,6.3,6,5.7,5.6,5.5,5.4,5.3,5.2,5.1,4.9,4.8,4.6,4.5,4.4,4.3,4.2,4.1,3.9,3.8,3.7,3.6,3.6,3.5,3.5
Azerbaijan,AZE,"Mortality rate, under-5 (per 1,000 live births)",SH.DYN.MORT,,,,,,,,,,,,,,,,,,,,,,,109.4,106.7,104.2,101.8,99.8,98,96.5,95.5,95.2,95.3,95.7,95.8,95.3,94,91.8,88.6,84.5,79.7,74.6,69.5,64.6,60,55.9,52.2,48.9,45.8,42.9,40.1,37.4,35,32.6,30.4,28.3,26.3,24.6,23,21.6,20.4
Burundi,BDI,"Mortality rate, under-5 (per 1,000 live births)",SH.DYN.MORT,,,,,239.7,241.5,243.4,245.2,246.7,247.7,248.1,248.7,249.1,249.8,250.1,250.4,249.4,246.4,241.1,234,224.9,214.8,204.3,193.9,184.6,177.8,173.2,171.1,170.9,172.3,174.3,176.3,177.7,178.1,177.6,175.9,173.3,169.9,165.4,160.5,155.2,149.6,143.8,137.9,131.4,124.4,117.2,109.8,103,96.6,90.6,85,79.8,75.2,70.9,67.2,64.1,61.3,58.8,56.5
Belgium,BEL,"Mortality rate, under-5 (per 1,000 live births)",SH.DYN.MORT,33.8,32.4,31.2,30,28.9,27.9,27,26.2,25.5,24.8,24,23.1,21.9,20.8,19.6,18.5,17.6,16.7,15.9,15.2,14.6,13.9,13.3,12.7,12.2,11.7,11.4,11,10.7,10.3,10,9.7,9.3,8.8,8.2,7.6,7.1,6.7,6.3,6,5.8,5.6,5.4,5.2,5.1,4.9,4.8,4.7,4.6,4.6,4.5,4.4,4.3,4.2,4.1,3.9,3.8,3.7,3.5,3.4
Benin,BEN,"Mortality rate, under-5 (per 1,000 live births)",SH.DYN.MORT,311,306,301,296,290.7,285.5,280.4,275.6,271,266.5,262.2,257.9,253.5,248.8,243.8,238.7,233.4,228.3,223.4,218.8,214.4,210.4,206.4,202.6,198.9,195.1,191.3,187.4,183.3,179.3,175.1,170.9,166.7,162.7,158.9,155.4,152,148.8,145.4,142.2,138.8,135.4,132.1,128.8,125.7,122.8,120.1,117.6,115.3,113,110.8,108.6,106.3,104,101.8,99.6,97.4,95.1,92.8,90.3
Burkina Faso,BFA,"Mortality rate, under-5 (per 1,000 live births)",SH.DYN.MORT,343,339,335,332,328.4,325.5,323.4,320.9,318.8,316.7,314.2,311.3,307.1,301,292.9,283.4,272.8,262.6,253.3,245.2,238.4,232.8,227.7,223.2,218.7,214.4,209.7,205.6,202.3,200,198.5,198,197.7,197.4,196.6,195,192.5,189.4,186.1,182.7,179.2,175.1,170.7,165.6,159.8,153.4,146.6,139.7,133.2,127.2,121.7,116.9,112.5,108.3,104.4,100.7,97,93.9,90.7,87.5
Bangladesh,BGD,"Mortality rate, under-5 (per 1,000 live births)",SH.DYN.MORT,260,254,248,242,237.5,233.3,229.9,227.3,225.2,223.8,222.8,221.9,221.1,220,218.6,216.6,213.9,210.7,207,202.9,198.6,194,189.3,184.3,179,173.5,167.7,161.7,155.7,149.8,143.8,137.9,131.9,126,120,114.2,108.4,102.7,97.1,91.7,86.5,81.6,77,72.7,68.6,64.7,61.1,57.7,54.5,51.5,48.7,46.1,43.8,41.6,39.5,37.5,35.7,33.9,32.3,30.8
Bulgaria,BGR,"Mortality rate, under-5 (per 1,000 live births)",SH.DYN.MORT,55.3,48.9,44.2,40.9,38.6,37.4,36.9,36.7,35.8,34.1,32.2,30.9,30.2,29.6,29.1,28.6,28,27.2,26.1,24.9,23.8,22.9,22.2,21.5,20.7,19.8,18.8,17.9,17.6,17.9,18.4,18.9,19.2,19.3,19.2,19.1,19.2,19.3,19.1,18.3,17.4,16.7,16,15.2,14.2,13.3,12.4,11.8,11.4,11.1,10.9,10.4,9.9,9.2,8.6,8.1,7.7,7.4,7,6.7
Bahrain,BHR,"Mortality rate, under-5 (per 1,000 live births)",SH.DYN.MORT,198,182,166,152,138.1,125.5,113.9,103.2,93.2,84.1,75.9,68.5,61.9,56.1,51.1,46.7,43,39.8,36.9,34.5,32.3,30.4,28.8,27.4,26.1,25.1,24.3,23.7,23.4,23.2,23,22.6,22,21,19.6,18.1,16.6,15.2,14,13.2,12.5,12,11.6,11.3,11,10.6,10.2,9.8,9.3,8.9,8.5,8.2,8,7.8,7.7,7.6,7.4,7.3,7.1,6.9
"Bahamas, The",BHS,"Mortality rate, under-5 (per 1,000 live births)",SH.DYN.MORT,,,,,,,,,29.5,30,30.4,30.9,31.3,31.5,31.6,31.5,31.3,30.9,30.4,30,29.5,29,28.7,28.4,28.1,27.8,27.3,26.5,25.6,24.5,23.5,22.4,21.3,20.3,19.4,18.5,17.7,17,16.6,16.3,16.3,16.4,16.5,16.7,16.8,16.8,16.7,16.5,16.2,15.9,15.6,15.2,14.9,14.6,14.3,14,13.6,13.3,12.9,12.6
Bosnia and Herzegovina,BIH,"Mortality rate, under-5 (per 1,000 live births)",SH.DYN.MORT,,,,,,,,,,,,,,,,,,,,,,,,,29.3,27,24.9,23,21.2,19.6,18.1,16.8,18,17.5,14.8,14.1,12.2,11.5,10.9,10.3,9.9,9.6,9.3,9.2,9,8.9,8.6,8.3,7.9,7.5,7.2,6.9,6.7,6.5,6.4,6.3,6.2,6.1,6,5.9
Belarus,BLR,"Mortality rate, under-5 (per 1,000 live births)",SH.DYN.MORT,,,,,,,,,,,,,,,,,,,,,21.1,20.2,19.4,18.8,18.2,17.6,17,16.4,15.9,15.4,15.2,15.2,15.3,15.5,15.7,15.6,15.5,15.1,14.5,13.7,12.7,11.8,10.8,10,9.2,8.5,7.8,7.2,6.6,6,5.5,5.1,4.8,4.5,4.3,4,3.8,3.6,3.4,3.2
Belize,BLZ,"Mortality rate, under-5 (per 1,000 live births)",SH.DYN.MORT,,,,,,,,110.1,105.5,101,96.5,92.3,88.6,85.1,81.6,78.4,75.3,72.4,69.7,67.1,64.6,62,59.5,56.9,54.3,51.7,48.9,46.2,43.5,40.8,38.3,35.9,33.8,31.9,30.3,28.8,27.6,26.4,25.4,24.4,23.6,22.8,22.2,21.7,21.3,20.9,20.6,20.2,19.9,19.4,18.9,18.3,17.7,16.9,16.1,15.3,14.5,13.7,13,12.3
Bermuda,BMU,"Mortality rate, under-5 (per 1,000 live births)",SH.DYN.MORT,,,,,,,,,,,,,,,,,,,,,,,,,,,,,,,,,,,,,,,,,,,,,,,,,,,,,,,,,,,,
Bolivia,BOL,"Mortality rate, under-5 (per 1,000 live births)",SH.DYN.MORT,288,282,276,270,264,257.9,251.8,245.7,239.7,233.6,227.3,221.2,214.9,208.6,202.3,195.9,189.7,183.8,178.2,173,168.1,163.5,159.1,154.7,150.3,145.8,141,136.2,131.3,126.4,121.5,116.8,112.1,107.4,102.8,98.3,93.7,89.1,84.5,80,75.5,71.2,67.1,63.2,59.5,56,52.7,49.5,46.6,43.9,41.3,38.9,36.7,34.6,32.7,31,29.5,28.2,27,26
Brazil,BRA,"Mortality rate, under-5 (per 1,000 live births)",SH.DYN.MORT,169,164,160,156,151.7,148.2,145,141.9,138.9,135.8,132.5,129.1,125.7,122.3,118.9,115.6,112.2,108.5,104.6,100.4,96.1,91.8,87.6,83.7,80.2,76.9,73.9,71,68.3,65.6,62.9,60.1,57.1,54,50.9,47.8,44.8,42,39.4,37,34.6,32.4,30.3,28.3,26.4,24.7,23.2,21.8,20.6,19.6,18.7,17.9,17.3,16.7,16.2,15.7,16.4,14.8,14.4,13.9
Barbados,BRB,"Mortality rate, under-5 (per 1,000 live births)",SH.DYN.MORT,84.6,78.5,73.3,68.7,64.7,61.2,58,55.3,52.8,50.3,47.9,45.5,43.1,40.8,38.6,36.4,34.3,32.3,30.4,28.6,26.9,25.5,24.4,23.4,22.6,21.9,21.2,20.4,19.7,18.9,18.1,17.4,16.7,16.1,15.6,15.2,14.9,14.8,14.8,14.9,15.1,15.3,15.5,15.7,15.7,15.7,15.6,15.5,15.3,15.1,15,14.9,14.7,14.5,14.3,14,13.7,13.4,13,12.7
Brunei Darussalam,BRN,"Mortality rate, under-5 (per 1,000 live births)",SH.DYN.MORT,122,110,98.5,88.2,79.7,73,68,64.1,60.7,57.5,54,50,45.9,41.7,37.6,33.8,30.5,27.5,24.9,22.6,20.7,19,17.6,16.5,15.5,14.8,14.2,13.8,13.5,13.3,13.3,13.3,13.2,13.1,12.8,12.4,12,11.5,11.1,10.7,10.3,10,9.8,9.7,9.6,9.5,9.5,9.5,9.5,9.6,9.7,9.8,10,10.2,10.4,10.6,10.8,11,11.2,11.4
Bhutan,BTN,"Mortality rate, under-5 (per 1,000 live births)",SH.DYN.MORT,,,,,,,,,,280.9,272,263.7,255.7,247.5,239.4,231.3,223.7,216.2,208.7,201.4,193.8,186.4,179.1,172,165,158.1,151.6,145.2,138.9,132.8,127,121.5,116,110.8,105.7,100.7,95.6,90.8,86.1,81.5,77.1,72.8,68.8,64.8,61.1,57.4,53.9,50.7,47.6,44.8,42.2,39.9,37.9,36.1,34.6,33.1,31.8,30.6,29.6,28.5
Botswana,BWA,"Mortality rate, under-5 (per 1,000 live births)",SH.DYN.MORT,168,163,158,153,148.6,144.7,140.7,136.8,132.8,128.4,123.9,119.3,114.4,109.5,104.3,99.1,93.6,88.1,82.7,77.6,73.1,69,65.2,61.9,58.7,55.6,52.8,50.3,48.4,47.6,48.4,50.6,54.1,58.5,63.2,68,66.9,69.6,71,70.5,69.3,65.8,61.6,57.7,53.2,46.5,40.2,37.4,36.7,35.6,35.1,37.1,37.3,37.4,38.8,41.2,43.6,43.8,43,41.6
Central African Republic,CAF,"Mortality rate, under-5 (per 1,000 live births)",SH.DYN.MORT,283,278,272,267,260.4,254.2,247.8,241.6,235.2,229.1,223.3,218.1,213.2,208.8,204.5,200.8,197.1,193.7,190.5,187.7,185.2,182.9,181.1,179.8,178.8,177.8,177,176.2,176,176.4,176.8,176.8,176.6,175.9,175.2,174.5,173.8,172.9,172,170.9,169.8,168.4,167,165.6,164.2,162.6,160.4,157.9,155,151.4,147.6,143.4,139.4,135.8,131.4,126.7,121.6,117.5,114.2,110.1
Canada,CAN,"Mortality rate, under-5 (per 1,000 live births)",SH.DYN.MORT,32.6,31.5,30.5,29.4,28.2,27.1,26,25,24,23,22,21,19.9,18.9,17.9,17,16,15.1,14.2,13.3,12.5,11.8,11.2,10.6,10.1,9.8,9.4,9.1,8.8,8.5,8.2,8,7.7,7.4,7.2,6.9,6.7,6.5,6.4,6.3,6.2,6.2,6.1,6.1,6.1,6.1,6,5.9,5.8,5.7,5.6,5.6,5.5,5.4,5.4,5.3,5.2,5.1,5,4.9
Switzerland,CHE,"Mortality rate, under-5 (per 1,000 live births)",SH.DYN.MORT,26.5,26,25.4,24.6,23.6,22.6,21.6,20.7,19.9,19.2,18.4,17.6,16.7,15.8,14.8,13.8,12.9,12.1,11.4,10.8,10.4,10,9.7,9.4,9.2,9,8.9,8.8,8.6,8.4,8.2,7.9,7.5,7.1,6.7,6.4,6.1,6,5.8,5.7,5.6,5.5,5.4,5.3,5.2,5.1,4.9,4.8,4.7,4.6,4.6,4.5,4.4,4.4,4.4,4.3,4.2,4.2,4.1,4
Channel Islands,CHI,"Mortality rate, under-5 (per 1,000 live births)",SH.DYN.MORT,,,,,,,,,,,,,,,,,,,,,,,,,,,,,,,,,,,,,,,,,,,,,,,,,,,,,,,,,,,,
Chile,CHL,"Mortality rate, under-5 (per 1,000 live births)",SH.DYN.MORT,157,148,142,136,126.9,115.5,103.9,94,86.7,82.1,79.9,78.8,77.7,75.5,71.1,64.4,56.6,48.8,41.9,36.7,33,29.9,27.1,24.6,23,22.4,22.2,21.9,21.4,20.4,19.1,17.6,16.2,15,13.9,13.1,12.5,12.2,11.9,11.5,10.9,10.3,9.8,9.5,9.3,9.1,9,8.9,8.9,8.8,8.7,8.5,8.4,8.3,8.1,7.9,7.7,7.4,7.2,7
China,CHN,"Mortality rate, under-5 (per 1,000 live births)",SH.DYN.MORT,,,,,,,,,,117.6,111.8,106.2,100.7,95.3,89.8,84.3,79,74,69.5,65.6,62.2,59.5,57.3,55.7,54.6,54,53.8,53.8,53.9,54,53.8,53.2,52.3,50.9,49.2,47.4,45.5,43.5,41.4,39.2,36.8,34.2,31.5,28.8,26.3,24,21.9,20.1,18.5,17.1,15.8,14.6,13.5,12.5,11.6,10.7,9.9,9.2,8.5,7.9
Cote d'Ivoire,CIV,"Mortality rate, under-5 (per 1,000 live births)",SH.DYN.MORT,317,309,301,293,286.1,278.9,271.8,264.7,257.6,250.6,243.5,236,228.2,219.9,211.3,202.6,194.2,186.4,179.3,173.3,168.2,164.1,160.6,157.8,155.7,154.1,152.9,152.2,151.9,152,152.3,152.5,152.8,152.9,152.7,152,150.9,149.3,147.3,145,142.3,139.1,135.9,132.5,129,125.3,121.7,118.1,114.2,110,106.4,103.2,100.2,96.9,93.6,90.6,88,85.3,82.4,79.3
Cameroon,CMR,"Mortality rate, under-5 (per 1,000 live births)",SH.DYN.MORT,276,270,265,261,255.9,250.3,243.6,235.8,227.2,218.5,210.1,202.8,197.1,193.1,190.6,189.2,188.2,186.9,184.9,182,177.9,172.8,166.9,160.5,154.1,148.1,142.9,139,136.4,135.3,135.7,137.2,139.5,142,144.3,146,147.1,147.6,147.1,145.7,143.4,140.5,137.2,133.7,130.3,127.2,124.1,120.9,117.6,114.3,110.1,105.9,101.7,97.2,92.9,88.5,84.5,80.8,77.5,74.8
"Congo, Dem. Rep.",COD,"Mortality rate, under-5 (per 1,000 live births)",SH.DYN.MORT,,,,,,,,,,250.7,247.7,244.4,241.1,237.4,233.8,229.9,226.1,222.5,218.9,215.4,211.8,208.3,205.2,202.2,199.5,197,194.5,192.1,189.9,187.7,185.4,183.2,181.1,179.1,177.2,175.1,172.8,170.2,167.1,163.5,159.5,155.2,150.7,146.1,141.3,136.7,132,127.5,123.1,118.9,114.8,110.9,107.3,103.8,100.4,97.2,93.9,90.8,87.6,84.8
"Congo, Rep.",COG,"Mortality rate, under-5 (per 1,000 live births)",SH.DYN.MORT,183,179,175,171,166.7,162.4,157.8,153.4,149.1,145.1,141.1,137.5,133.8,130.5,126.9,123.7,120.6,117.6,114.8,111.7,108.7,105.7,102.7,99.7,96.8,94.1,91.9,90.3,89.6,89.6,90.4,91.9,94.2,97.2,100.7,104.4,108.2,111.7,114.3,115.2,114,110.9,106,99.9,92.9,85.9,79.3,73.5,68.6,64.9,62.2,60.3,58.8,57.4,55.9,54.2,52.6,50.9,49.3,47.8
Colombia,COL,"Mortality rate, under-5 (per 1,000 live births)",SH.DYN.MORT,135,131,126,122,118.5,115,111.6,108.2,104.8,101.3,97.7,94.1,90.4,86.6,82.6,78.4,74.1,69.8,65.5,61.4,57.6,54,50.7,47.7,45.1,42.7,40.7,39,37.5,36.2,35.1,33.9,32.8,31.8,30.7,29.6,28.6,27.6,26.6,25.7,24.9,24.1,23.4,22.7,22.1,21.5,20.8,20.2,19.6,19,18.4,17.8,17.2,16.7,16.1,15.6,15.1,14.7,14.2,13.8
Comoros,COM,"Mortality rate, under-5 (per 1,000 live births)",SH.DYN.MORT,,,,,,,,,,,226.1,221,216,211.4,206.6,201.8,196.6,191.2,185.9,180.1,174.3,168.5,162.6,157.1,151.6,146.4,141.4,136.8,132.5,128.3,124.4,120.5,116.7,113,109.8,107.2,105.2,103.3,102,101.1,100.4,99.9,99.6,99,98,96.3,94.2,91.8,89.4,86.9,84.4,81.6,79.1,76.8,74.3,71.9,69.5,67.3,65.1,62.9
Cabo Verde,CPV,"Mortality rate, under-5 (per 1,000 live births)",SH.DYN.MORT,181,179,177,174,171.1,167.9,163.9,159.9,155.1,149.7,143.8,137.6,131.1,124.5,118,111.8,106,100.9,96.5,92.9,90.2,88.2,86.5,84.8,82.6,79.6,75.7,71.3,67.1,63.3,60.5,58.8,58,57.8,57.5,56.6,54.5,51.2,47,42.4,38.1,34.5,31.7,29.8,28.7,28.1,27.9,27.7,27.5,27,26.3,25.2,23.9,22.5,21,19.5,18.1,16.8,15.8,14.9
Costa Rica,CRI,"Mortality rate, under-5 (per 1,000 live births)",SH.DYN.MORT,95.9,93.5,92.7,92.3,91.7,90.3,87.9,84.9,81.7,78.5,74.8,70.1,64.5,58.3,51.8,45.4,39.3,33.9,29.6,26.5,24.4,23.4,22.9,22.7,22.5,22,21.1,20,18.8,17.8,16.9,16.1,15.6,15.3,15,14.8,14.7,14.4,14.1,13.6,13.1,12.6,12.1,11.8,11.5,11.3,11.2,11.1,10.9,10.7,10.5,10.2,9.9,9.6,9.3,9,8.9,8.8,8.7,8.6
Cuba,CUB,"Mortality rate, under-5 (per 1,000 live births)",SH.DYN.MORT,54.6,52.7,50.8,48.9,47.1,45.3,43.6,41.8,40.1,38.4,36.7,35,33.4,31.7,30.2,28.6,27.2,25.8,24.5,23.3,22.1,21,20,19,18.1,17.2,16.4,15.6,14.9,14.2,13.5,12.9,12.3,11.7,11.2,10.8,10.3,9.9,9.5,9.1,8.8,8.4,8.1,7.8,7.6,7.3,7.1,6.9,6.7,6.5,6.3,6.1,6,5.8,5.7,5.6,5.5,5.3,5.2,5.1
Curacao,CUW,"Mortality rate, under-5 (per 1,000 live births)",SH.DYN.MORT,,,,,,,,,,,,,,,,,,,,,,,,,,,,,,,,,,,,,,,,,,,,,,,,,,,,,,,,,,,,
Cayman Islands,CYM,"Mortality rate, under-5 (per 1,000 live births)",SH.DYN.MORT,,,,,,,,,,,,,,,,,,,,,,,,,,,,,,,,,,,,,,,,,,,,,,,,,,,,,,,,,,,,
Cyprus,CYP,"Mortality rate, under-5 (per 1,000 live births)",SH.DYN.MORT,,,,,,,,,,,,38.2,35.4,33,30.4,27.6,24.9,22.5,20.7,19.5,18.8,18.2,17.4,16.2,14.8,13.4,12.3,11.5,11.3,11.3,11.2,11,10.7,10.1,9.6,9,8.5,8,7.5,7,6.6,6.2,5.9,5.5,5.2,4.9,4.6,4.3,4,3.8,3.5,3.3,3.2,3,2.9,2.7,2.6,2.5,2.4,2.3
Czech Republic,CZE,"Mortality rate, under-5 (per 1,000 live births)",SH.DYN.MORT,,,,,,,,,,,,,,,,,,,,,,15.4,15,14.7,14.4,14.2,13.8,13.4,13,12.6,12.2,11.6,11,10.2,9.4,8.5,7.7,7,6.4,5.9,5.5,5.2,5,4.8,4.6,4.3,4.1,3.9,3.7,3.5,3.4,3.3,3.2,3.1,3.1,3.2,3.2,3.2,3.2,3.2
Germany,DEU,"Mortality rate, under-5 (per 1,000 live births)",SH.DYN.MORT,,,,,,,,,27.2,26.4,25.7,24.9,24,23.1,22,20.8,19.5,18.3,17.1,16,15,14.1,13.2,12.5,11.8,11.1,10.6,10,9.5,9,8.5,8,7.6,7.2,6.8,6.5,6.2,5.9,5.7,5.5,5.4,5.2,5.1,5,4.9,4.7,4.6,4.5,4.4,4.3,4.2,4.1,4,4,3.9,3.9,3.9,3.9,3.9,3.8
Djibouti,DJI,"Mortality rate, under-5 (per 1,000 live births)",SH.DYN.MORT,,,,,,,,,,,,,,,,,173.2,168.1,163.4,158.8,154.3,149.9,145.7,141.7,137.6,133.6,129.9,126.5,123.3,120.6,117.9,115.8,113.9,112.3,111,109.8,108.4,106.8,105.2,103.3,101.1,98.8,96.4,93.8,91.3,88.7,86.2,83.7,81.2,78.8,76.4,74.1,71.8,69.6,67.5,65.3,63.2,61.3,59.3,57.5
Dominica,DMA,"Mortality rate, under-5 (per 1,000 live births)",SH.DYN.MORT,138,126,114,104,94.8,86.3,78.7,71.7,65.4,59.7,54.5,49.9,45.6,41.9,38.5,35.4,32.7,30.3,28.1,26.2,24.6,23.1,21.8,20.7,19.8,19,18.3,17.7,17.2,16.8,16.5,16.2,16,15.9,15.9,15.9,16,16.1,16.4,16.6,17,17.4,17.8,18.4,19,19.7,20.5,21.3,22.3,23.3,24.5,25.7,26.9,28.2,29.6,30.9,32.1,33.2,34,34.7
Denmark,DNK,"Mortality rate, under-5 (per 1,000 live births)",SH.DYN.MORT,25,24.5,23.8,23,22.1,21.1,20,19,18.1,17.4,16.6,15.8,14.9,13.9,13.1,12.3,11.6,11.1,10.6,10.3,10,9.7,9.6,9.5,9.6,9.6,9.7,9.7,9.6,9.4,9,8.4,7.9,7.3,6.9,6.5,6.2,6,5.9,5.8,5.7,5.6,5.5,5.4,5.2,5,4.8,4.5,4.4,4.2,4.1,4.1,4.1,4.1,4.1,4.1,4.1,4,3.9,3.8
Dominican Republic,DOM,"Mortality rate, under-5 (per 1,000 live births)",SH.DYN.MORT,148,146,145,143,140.4,137.7,135,132.2,129.4,126.5,123.5,120.1,116.6,112.7,108.8,104.8,101,97.2,93.6,90.2,86.9,83.8,80.8,77.9,75.1,72.4,69.8,67.3,64.8,62.4,60,57.7,55.3,53.1,50.9,48.8,46.8,45,43.4,42,40.7,39.6,38.7,37.8,37.1,36.5,36,35.5,35,34.5,34.1,33.7,33.3,32.7,32.1,31.3,30.5,29.7,28.8,28
Algeria,DZA,"Mortality rate, under-5 (per 1,000 live births)",SH.DYN.MORT,241,241,242,243,244.2,245.3,246.4,246.6,246.1,244.1,240.2,235.2,228.9,221.4,213.1,203.8,194.1,184.1,173.6,162.4,149.6,134.9,118.9,102.6,87.3,74.6,65.2,58.6,54.2,51.3,49.5,48.1,47,45.9,44.8,43.6,42.5,41.6,40.8,40.3,39.7,38.9,37.8,36.5,35.1,33.6,32.1,30.8,29.5,28.4,27.4,26.7,26.2,25.8,25.5,25.2,24.8,24.3,23.8,23.3
East Asia & Pacific (excluding high income),EAP,"Mortality rate, under-5 (per 1,000 live births)",SH.DYN.MORT,,,,,,,,,,,,,,,,,,,,,,,,,,,,,,,59.704935,58.5483074,57.2305345,55.6064174,53.8444204,52.0174071,50.1405039,48.1939067,46.1779122,44.1115733,41.8916958,39.5595797,37.1826767,34.8611555,33.7152872,30.7111308,28.8761901,27.2333486,26.4480481,24.3499593,23.0655965,21.8584887,20.7387199,19.713495,18.7714273,17.8748504,17.0495109,16.3124242,15.6045694,14.9658422
Early-demographic dividend,EAR,"Mortality rate, under-5 (per 1,000 live births)",SH.DYN.MORT,,,,,,,,,,,,,,,,,,,,,,,,,,,,,,,108.892991,105.798033,102.858189,99.9974714,97.4862109,94.4404402,91.2162513,88.2544502,85.3043791,82.0387364,78.8179955,75.7007016,72.6035027,69.6685842,67.2663019,64.0594552,61.3861223,58.6884703,56.3610224,53.3629952,51.3178987,48.3861585,46.127454,44.0522835,42.0765553,40.272353,38.5473464,36.9096238,35.4007029,33.9789277
East Asia & Pacific,EAS,"Mortality rate, under-5 (per 1,000 live births)",SH.DYN.MORT,,,,,,,,,,,,,,,,,,,,,,,,,,,,,,,56.7,55.6,54.2,52.5,50.8,49,47.2,45.4,43.5,41.5,39.4,37.3,35.1,33,31.9,29.1,27.4,25.8,25.1,23.1,21.9,20.7,19.7,18.7,17.8,17,16.2,15.5,14.9,14.3
Europe & Central Asia (excluding high income),ECA,"Mortality rate, under-5 (per 1,000 live births)",SH.DYN.MORT,,,,,,,,,,,,,,,,,,,,,,,,,,,,,,,46.676555,46.3391795,46.3443865,46.2068959,45.7287545,44.8655649,43.5870288,41.9034993,39.9760982,37.8724418,35.6379261,33.4212713,31.2352084,29.1311623,27.2237844,25.3974136,23.7130589,22.1954277,20.8499177,19.6428339,18.5728719,17.6110197,16.6967876,15.8843749,15.0058089,14.1866385,13.3948951,12.7092965,12.0700679,11.5197798
Europe & Central Asia,ECS,"Mortality rate, under-5 (per 1,000 live births)",SH.DYN.MORT,,,,,,,,,,,,,,,,,,,,,,,,,,,,,,,30.7,30.1,29.6,29.1,28.3,27.4,26.4,25.2,23.9,22.7,21.4,20.1,18.9,17.7,16.7,15.7,14.8,14,13.2,12.6,12,11.5,11,10.6,10.1,9.7,9.2,8.8,8.4,8.1
Ecuador,ECU,"Mortality rate, under-5 (per 1,000 live births)",SH.DYN.MORT,176,170,165,161,156.3,152.3,148.7,145.6,142.6,139.9,137,133.7,129.9,125.4,120.3,115,109.8,105.1,100.5,96.1,91.6,87.1,82.5,77.9,73.4,69.3,65.6,62.2,59.2,56.3,53.6,51,48.3,45.6,42.9,40.2,37.6,35.1,32.8,30.7,28.9,27.3,25.9,24.8,23.7,22.7,21.8,20.9,20,19.1,18.3,17.5,16.7,16.1,15.5,15.1,14.8,14.5,14.3,14
"Egypt, Arab Rep.",EGY,"Mortality rate, under-5 (per 1,000 live births)",SH.DYN.MORT,316,306,296,286,277.2,268.9,262,256.5,252,248.4,245.1,241.5,237.2,231.7,224.7,216.1,206.7,196.7,186.8,177.2,167.7,158.2,148.5,138.6,128.5,118.6,109.6,101.9,95.4,90,85.5,81.4,77.3,73.1,68.8,64.6,60.4,56.5,52.9,49.6,46.6,43.9,41.5,39.4,37.5,35.8,34.3,32.8,31.4,30,28.8,27.5,26.4,25.3,24.3,23.4,22.6,21.7,21,20.3
Euro area,EMU,"Mortality rate, under-5 (per 1,000 live births)",SH.DYN.MORT,,,,,,,,,,,,,,,,,,,,,,,,,,,,,,,9.57854684,9.163526,8.74155899,8.26192326,7.77300883,7.30017497,6.87781755,6.51365035,6.23934644,6.00017876,5.80203626,5.57313645,5.3749771,5.17885378,4.99653786,4.8168058,4.65273862,4.52311954,4.38293565,4.30179884,4.19695455,4.09294647,4.01630476,3.94125792,3.8806767,3.82806395,3.80736417,3.80137847,3.78616515,3.74136622
Eritrea,ERI,"Mortality rate, under-5 (per 1,000 live births)",SH.DYN.MORT,,,,,,,,,,,,,,,215.7,211.1,206.6,202.5,198.7,195.6,192.7,190,187.1,184.2,181.2,177.7,173.8,169.6,164.7,159.1,152.7,145.7,138.1,130.1,122.2,114.4,107.2,100.7,95,89.9,85.4,81.2,77.4,73.9,70.6,67.6,64.7,62,59.5,57.3,55.2,53.2,51.3,49.5,47.9,46.3,44.8,43.3,41.9,40.5
Spain,ESP,"Mortality rate, under-5 (per 1,000 live births)",SH.DYN.MORT,,,,,,,,,,,,,,,23.6,21.8,20.2,18.7,17.3,16,14.9,13.8,13,12.3,11.7,11.2,10.7,10.3,9.9,9.5,9.1,8.7,8.3,7.8,7.4,6.9,6.5,6.1,5.9,5.6,5.4,5.3,5.1,5,4.9,4.7,4.5,4.4,4.2,4,3.8,3.7,3.6,3.5,3.4,3.3,3.2,3.2,3.2,3.1
Estonia,EST,"Mortality rate, under-5 (per 1,000 live births)",SH.DYN.MORT,,,,,,,,,,,,,,,,,,,,,22.5,21.7,20.9,20.2,19.5,19,18.6,18.3,18,17.8,17.7,17.5,17.3,16.9,16.4,15.6,14.7,13.8,12.8,11.9,10.9,10.1,9.2,8.5,7.8,7.1,6.5,5.9,5.4,5,4.6,4.2,3.9,3.6,3.4,3.1,2.9,2.7,2.6,2.4
Ethiopia,ETH,"Mortality rate, under-5 (per 1,000 live births)",SH.DYN.MORT,,,,,,,246.1,245.9,245.3,245,244.8,244.2,243.9,243.5,243.3,243.1,242.6,242.1,241.4,240.2,238.3,235.7,232.4,228.6,224.5,220.4,216.3,212.4,208.4,204.3,199.9,195.2,189.9,184,177.5,170.9,164.4,158.1,152.1,146.2,140.3,134.3,128,121.6,115.2,108.8,102.8,97.1,91.7,86.7,82,77.6,73.4,69.5,65.8,62.2,58.9,55.8,53.1,50.7
European Union,EUU,"Mortality rate, under-5 (per 1,000 live births)",SH.DYN.MORT,,,,,,,,,,,,,,,,,,,,,,,,,,,,,,,12.2525465,11.6782461,11.1388155,10.552607,9.95700362,9.37298186,8.82399782,8.32479702,7.88185528,7.47495828,7.12940937,6.82036847,6.5795996,6.35520461,6.12291692,5.88245849,5.62899049,5.4000653,5.17736981,5.00989509,4.85605679,4.69842464,4.56861416,4.43765285,4.31982151,4.21626786,4.15052284,4.09814629,4.0323241,3.95028179
Fragile and conflict affected situations,FCS,"Mortality rate, under-5 (per 1,000 live births)",SH.DYN.MORT,,,,,,,,,,,,,,,,,,,,,,,,,,,,,,,165.625087,164.085007,162.510609,160.849681,159.001781,156.77365,154.217342,151.262806,147.923883,144.432561,140.403054,136.438643,132.326377,128.228633,124.095756,120.118648,116.263689,112.448153,109.837565,105.566839,104.018508,99.716645,97.2088004,94.8527963,92.8176887,90.7573278,88.7585216,86.6741344,84.456095,82.2742674
Finland,FIN,"Mortality rate, under-5 (per 1,000 live births)",SH.DYN.MORT,26.8,25.2,23.8,22.5,21.3,20.2,19.3,18.4,17.6,16.8,16.1,15.4,14.6,13.9,13.1,12.3,11.5,10.6,9.9,9.2,8.7,8.2,7.9,7.6,7.4,7.3,7.3,7.2,7.1,7,6.7,6.4,6.1,5.8,5.4,5.2,4.9,4.7,4.6,4.4,4.3,4.2,4.1,4,3.9,3.8,3.6,3.5,3.3,3.2,3,2.9,2.7,2.6,2.6,2.5,2.4,2.4,2.4,2.4
Fiji,FJI,"Mortality rate, under-5 (per 1,000 live births)",SH.DYN.MORT,77.2,73.9,70.9,68.2,65.8,63.8,62,60.5,59.3,58.3,57.6,57,56.4,55.8,55,53.8,52.4,50.7,48.7,46.5,44.3,42.1,40,38.2,36.5,35,33.7,32.4,31.2,30,28.9,27.8,26.9,26,25.3,24.7,24.2,23.8,23.4,23,22.7,22.5,22.4,22.4,22.6,23,23.3,23.6,23.7,23.7,23.7,23.6,23.6,23.7,24,24.3,24.7,25.2,25.6,25.7
France,FRA,"Mortality rate, under-5 (per 1,000 live births)",SH.DYN.MORT,28.5,27,25.7,24.5,23.4,22.3,21.4,20.6,19.9,19.1,18.2,17.4,16.6,16,15.4,14.9,14.5,13.9,13.4,12.8,12.4,11.9,11.5,11.1,10.7,10.4,10.1,9.8,9.6,9.3,9,8.6,8.1,7.5,7,6.5,6.1,5.8,5.6,5.5,5.4,5.2,5.1,4.9,4.7,4.6,4.5,4.4,4.3,4.3,4.3,4.2,4.2,4.1,4.1,4.1,4.2,4.3,4.4,4.5
Faroe Islands,FRO,"Mortality rate, under-5 (per 1,000 live births)",SH.DYN.MORT,,,,,,,,,,,,,,,,,,,,,,,,,,,,,,,,,,,,,,,,,,,,,,,,,,,,,,,,,,,,
"Micronesia, Fed. Sts.",FSM,"Mortality rate, under-5 (per 1,000 live births)",SH.DYN.MORT,,,,,,,,,,,,,,,,,,,,,,56.5,57.3,57.9,58.2,58.3,57.8,57.1,56.2,55.4,54.8,54.3,54.1,54.1,54.3,54.5,54.6,54.7,54.3,53.5,52.6,51.5,50.4,49.1,47.6,46.2,44.8,43.4,42,40.7,39.4,38.1,37,35.9,34.8,33.7,32.5,31.5,30.5,29.4
Gabon,GAB,"Mortality rate, under-5 (per 1,000 live births)",SH.DYN.MORT,,,,,,,,,,,,,,,,,,,126.6,122.2,117.8,113.6,109.6,106.1,103,100.1,97.8,95.7,94.1,92.9,91.7,90.9,90.1,89.4,88.8,88.3,87.8,87.2,86.5,85.4,84,82.3,80.5,78.6,76.5,74.3,72.2,69.6,66.9,64.3,61.6,59.2,56.9,54.6,52.3,49.8,47,45.1,43.6,42.5
United Kingdom,GBR,"Mortality rate, under-5 (per 1,000 live births)",SH.DYN.MORT,26.6,26.1,25.6,24.9,24.2,23.4,22.8,22.2,21.8,21.4,21,20.6,20,19.4,18.7,18,17.2,16.4,15.7,14.9,14.1,13.4,12.7,12.2,11.7,11.4,11.1,10.8,10.4,9.9,9.3,8.7,8.2,7.7,7.4,7.2,7,6.9,6.8,6.7,6.5,6.4,6.3,6.2,6.1,6,5.9,5.8,5.6,5.4,5.2,5,4.8,4.7,4.5,4.5,4.4,4.4,4.3,4.3
Georgia,GEO,"Mortality rate, under-5 (per 1,000 live births)",SH.DYN.MORT,,,,,,,,,,,,,,,,70.9,68.3,65.8,63.5,61.2,58.9,56.8,54.8,53.1,51.5,50.3,49.4,48.8,48.4,48,47.7,47.4,47.1,46.6,46,45.2,44,42.6,40.9,38.9,36.6,34.1,31.5,28.8,26.2,23.6,21.2,19.1,17.2,15.5,14.2,13,12.1,11.4,10.9,10.5,10.2,10,9.8,9.6
Ghana,GHA,"Mortality rate, under-5 (per 1,000 live births)",SH.DYN.MORT,209,207,205,204,203.2,202.8,202.8,202.9,203,202.9,202.3,200.8,198.6,195.4,191.3,186.5,181.3,176.4,172.3,169.1,166.8,165.2,163.7,161.7,158.7,154.7,149.7,144,138.1,132.3,127.2,123,119.8,117.4,115.6,114,112.1,109.8,106.8,103.2,99.4,95.4,91.6,88.2,85.4,82.9,80.5,78,75.3,72.3,69.1,65.9,62.8,59.8,57.1,54.6,52.2,50,48,46.2
Gibraltar,GIB,"Mortality rate, under-5 (per 1,000 live births)",SH.DYN.MORT,,,,,,,,,,,,,,,,,,,,,,,,,,,,,,,,,,,,,,,,,,,,,,,,,,,,,,,,,,,,
Guinea,GIN,"Mortality rate, under-5 (per 1,000 live births)",SH.DYN.MORT,345,343,340,338,335,332.3,329.5,326.6,323.6,320.6,317.6,314.3,311.1,307.6,304.1,300.2,296.1,291.9,287.3,282.7,277.9,273.2,268.5,264,259.4,254.9,250.5,246.1,241.5,236.5,231.2,225.4,219.1,212.5,205.6,198.7,191.8,185,178.1,171.1,164.3,157.5,151.2,145.2,139.8,135,130.8,127,123.6,120.7,118.1,115.7,113.4,111.2,109.8,107.9,105.2,103.2,101.1,98.8
"Gambia, The",GMB,"Mortality rate, under-5 (per 1,000 live births)",SH.DYN.MORT,360,354,347,341,334.9,328.3,322.2,315.9,310,303.7,297.5,291,284.4,277.8,271.2,264.5,257.9,251.3,245,238.7,232.4,226.1,219.5,212.9,206,199.2,192.4,185.9,179.5,173.3,167.4,161.6,155.9,150.2,144.5,138.9,133.2,127.8,122.5,117.4,112.5,107.8,103.2,98.7,94.4,90.3,86.4,82.7,79.2,76,72.9,70,67.3,64.8,62.3,60,57.8,55.7,53.7,51.7
Guinea-Bissau,GNB,"Mortality rate, under-5 (per 1,000 live births)",SH.DYN.MORT,,,,,,,,,,,,,,,,,,,,,,,,,,242.1,237.8,233.4,229.3,225.2,221.2,216.8,212.4,207.8,203.2,198.3,193.4,188.5,183.4,178.3,173,167.5,161.9,155.9,149.7,143.5,137.3,131.1,125,119,113.1,107.6,102.7,98.2,94.1,90.7,87.3,84.2,81.4,78.5
Equatorial Guinea,GNQ,"Mortality rate, under-5 (per 1,000 live births)",SH.DYN.MORT,,,,,,,,,,,,,,,,,,,,,,,198,194.1,190.3,187,184.3,182.3,180.5,179.1,177.7,176.5,175.2,173.9,172.7,171.3,169.5,167.1,164,160.4,156.3,152.1,147.7,143.3,138.8,134.3,129.7,124.9,120.3,115.8,111.7,107.9,104.2,100.7,97.4,94,90.8,87.7,84.7,81.8
Greece,GRC,"Mortality rate, under-5 (per 1,000 live births)",SH.DYN.MORT,46.1,45.4,44.2,42.4,40.7,39.5,38.7,37.6,35.8,33.6,31.2,29.1,27.9,27.5,27.3,26.5,25.2,23.7,22.4,21,19.5,18.1,17,16.2,15.5,14.7,13.7,12.8,11.9,11.1,10.4,9.8,9.4,9.1,8.8,8.5,8.1,7.7,7.3,6.9,6.4,6,5.6,5.2,4.9,4.6,4.3,4.1,4,3.9,3.9,3.9,4,4.2,4.3,4.4,4.4,4.3,4,3.8
Grenada,GRD,"Mortality rate, under-5 (per 1,000 live births)",SH.DYN.MORT,102,93.5,85.7,78.6,72.6,67.9,64.3,61.6,59.5,57.7,56.1,54.4,52.8,51.1,49.4,47.5,45.7,43.8,41.9,39.9,37.9,36,34.1,32.3,30.5,28.9,27.4,26.1,24.8,23.6,22.4,21.2,20.2,19.2,18.4,17.6,17,16.5,16.1,15.8,15.5,15.2,15,14.9,14.7,14.6,14.6,14.6,14.7,14.9,15.1,15.3,15.5,15.8,16,16.2,16.4,16.6,16.6,16.5
Greenland,GRL,"Mortality rate, under-5 (per 1,000 live births)",SH.DYN.MORT,,,,,,,,,,,,,,,,,,,,,,,,,,,,,,,,,,,,,,,,,,,,,,,,,,,,,,,,,,,,
Guatemala,GTM,"Mortality rate, under-5 (per 1,000 live births)",SH.DYN.MORT,221,216,211,206,200.6,195.6,190.5,185.5,180.5,175.5,170.3,165.3,160.2,155.1,150.1,145.2,140.4,135.6,130.9,126.3,121.7,117.2,112.7,108.4,104.1,99.8,95.6,91.5,87.6,83.8,80.1,76.6,73.2,70,66.9,64,61.3,58.8,56.4,54.1,51.9,49.9,47.9,46,44.3,42.5,40.9,39.3,37.7,36.2,34.7,33.3,31.9,30.6,29.4,28.3,27.2,26.2,25.4,24.5
Guam,GUM,"Mortality rate, under-5 (per 1,000 live births)",SH.DYN.MORT,,,,,,,,,,,,,,,,,,,,,,,,,,,,,,,,,,,,,,,,,,,,,,,,,,,,,,,,,,,,
Guyana,GUY,"Mortality rate, under-5 (per 1,000 live births)",SH.DYN.MORT,92.2,88.3,85,82.2,79.9,78.1,76.7,75.5,74.7,74.1,73.7,73.4,73.2,73,72.8,72.5,72.1,71.6,71.1,70.5,69.9,69.3,68.6,67.8,67,66.2,65.3,64.2,62.9,61.5,60.1,58.5,56.9,55.3,53.8,52.4,51.1,49.9,48.7,47.5,46.3,45.2,44.1,43.1,42.2,41.3,40.4,39.6,38.8,38,37.3,36.5,35.7,35,34.1,33.1,32.2,31.2,30.3,29.3
"Hong Kong SAR, China",HKG,"Mortality rate, under-5 (per 1,000 live births)",SH.DYN.MORT,,,,,,,,,,,,,,,,,,,,,,,,,,,,,,,,,,,,,,,,,,,,,,,,,,,,,,,,,,,,
Honduras,HND,"Mortality rate, under-5 (per 1,000 live births)",SH.DYN.MORT,208,201,195,188,181.7,175.5,169.4,163.3,157.3,151.5,145.8,140.2,134.7,129.3,124,118.8,113.7,108.8,104,99.3,94.7,90.3,86,81.9,77.9,74.1,70.5,67.1,63.9,60.9,58,55.3,52.9,50.5,48.3,46.3,44.3,42.4,58.3,38.8,37,35.3,33.7,32.1,30.6,29.2,27.9,26.6,25.5,24.4,23.3,22.4,21.5,20.7,20,19.3,18.6,17.9,17.4,16.8
Croatia,HRV,"Mortality rate, under-5 (per 1,000 live births)",SH.DYN.MORT,,,,,,,,,,,,,,,,,,,,,,23.6,22.1,20.8,19.5,18.2,17,15.8,14.7,13.7,12.8,12,11.4,10.8,10.4,10,9.6,9.3,8.9,8.6,8.3,8,7.7,7.4,7,6.7,6.4,6.1,5.9,5.7,5.5,5.3,5.2,5.1,5,4.9,4.9,4.9,4.8,4.8
Haiti,HTI,"Mortality rate, under-5 (per 1,000 live births)",SH.DYN.MORT,285,281,277,273,268.2,264.1,259.8,255.2,250.6,245.8,241,236.1,231,225.8,220.4,214.9,209.5,204.3,199.1,194.1,189.1,184.2,179.4,174.7,170,165.4,161.1,156.8,152.7,148.7,144.6,140.5,136.4,132.3,128.1,123.8,119.6,115.4,111.3,107.4,103.7,100.3,97.2,94.4,91.8,89.5,87.4,85.3,83.4,81.5,207,77.7,75.9,74.1,72.3,70.5,68.5,66.6,64.7,62.8
Hungary,HUN,"Mortality rate, under-5 (per 1,000 live births)",SH.DYN.MORT,53.9,51.4,49.4,47.6,45.9,44.5,43.2,42,40.9,39.8,38.7,38,38,38.5,38.2,35.8,32.2,29,26.9,25.3,23.8,22.4,21.8,21.9,22.1,21.7,20.7,19.6,18.5,17.7,17.2,16.7,15.8,14.5,13.3,12.4,11.9,11.5,11.1,10.7,10.1,9.5,8.9,8.4,7.9,7.5,7.2,6.9,6.5,6.2,6,5.9,5.7,5.6,5.4,5.1,4.7,4.4,4,3.7
Indonesia,IDN,"Mortality rate, under-5 (per 1,000 live births)",SH.DYN.MORT,223,217,212,206,200.5,194.8,189.1,183.3,177.5,171.7,166,160.5,155.2,150.1,145.2,140.5,136.2,132,128.1,124.3,120.6,116.9,113.3,109.6,106,102.4,98.8,95.2,91.5,87.7,84,80.2,76.5,72.9,69.5,66.2,63.1,60.1,57.3,54.7,52.2,49.9,47.6,45.5,49.6,41.7,40,38.3,36.8,35.3,33.9,32.6,31.3,30.1,28.9,27.8,26.7,25.7,24.8,23.9
IDA only,IDX,"Mortality rate, under-5 (per 1,000 live births)",SH.DYN.MORT,,,,,,,,,,,,,,,,,,,,,,,,,,,,,,,165.540718,162.306663,159.081149,155.91335,153.552674,149.626207,145.294888,141.677475,137.955394,133.097477,128.313995,123.367471,118.294824,113.283323,108.399674,103.737536,99.368091,95.1814814,91.9183511,87.4093819,85.0561961,80.6107513,77.5645003,74.6828785,72.0612504,69.6463348,67.1488379,64.9198508,62.8422339,60.857086
Isle of Man,IMN,"Mortality rate, under-5 (per 1,000 live births)",SH.DYN.MORT,,,,,,,,,,,,,,,,,,,,,,,,,,,,,,,,,,,,,,,,,,,,,,,,,,,,,,,,,,,,
India,IND,"Mortality rate, under-5 (per 1,000 live births)",SH.DYN.MORT,241,238,235,232,228.8,226.1,223.5,221.1,218.4,215.8,213,209.9,206.6,202.9,199,194.5,189.6,184.4,178.9,173.3,167.9,162.8,158,153.6,149.5,145.6,141.7,137.8,133.8,130,126.2,122.7,119.4,116.1,112.8,109.5,106.1,102.6,99,95.4,91.8,88.2,84.6,81.2,77.8,74.5,71.2,67.9,64.7,61.4,58.2,55.1,52,49.1,46.2,43.5,40.9,38.5,36.3,34.3
Not classified,INX,"Mortality rate, under-5 (per 1,000 live births)",SH.DYN.MORT,,,,,,,,,,,,,,,,,,,,,,,,,,,,,,,,,,,,,,,,,,,,,,,,,,,,,,,,,,,,
Ireland,IRL,"Mortality rate, under-5 (per 1,000 live births)",SH.DYN.MORT,35.3,33.8,32.5,31.3,30,28.6,27.1,25.5,24.1,23,22.2,21.7,21.4,21.1,20.6,20,19.1,18.1,16.9,15.5,14.3,13.2,12.4,11.7,11.1,10.7,10.4,10.2,9.9,9.6,9.2,8.7,8.1,7.7,7.4,7.3,7.3,7.3,7.3,7.3,7.1,6.9,6.5,6,5.6,5.2,4.9,4.6,4.4,4.3,4.2,4.1,4,3.9,3.8,3.7,3.6,3.5,3.4,3.3
"Iran, Islamic Rep.",IRN,"Mortality rate, under-5 (per 1,000 live births)",SH.DYN.MORT,,,,,,,,,,,,184.6,176,167.7,159.4,151,142.2,133.5,124.4,115.5,106.9,99,91.8,85.5,80,75.1,70.7,66.6,62.8,59.3,56.1,53.2,50.7,48.4,46.3,44.3,42.3,40.3,38.3,36.3,34.3,32.4,30.6,28.9,27.3,25.9,24.5,23.1,21.8,20.7,19.7,18.8,18,17.3,16.7,16.1,15.5,14.9,14.4,13.9
Iraq,IRQ,"Mortality rate, under-5 (per 1,000 live births)",SH.DYN.MORT,192,181,171,162,153,145.2,137.9,131.1,124.8,118.9,113.4,108.2,103.3,98.6,94.1,89.8,85.7,81.9,78.4,75.2,72.2,69.5,67,64.8,62.7,60.7,59,57.4,55.9,54.6,53.5,52.4,51.4,50.4,49.5,48.6,47.7,46.8,45.8,44.9,44,43.1,42.2,41.4,40.5,39.6,38.7,37.8,36.8,35.7,34.6,33.6,32.5,31.5,30.5,29.5,28.6,27.7,26.8,25.9
Iceland,ISL,"Mortality rate, under-5 (per 1,000 live births)",SH.DYN.MORT,21.5,21.1,20.7,20.2,19.7,19.1,18.5,17.9,17.2,16.6,16,15.4,14.7,14.1,13.5,12.8,12.1,11.5,10.8,10.2,9.6,9.1,8.7,8.3,7.9,7.6,7.4,7.1,6.9,6.7,6.5,6.3,6,5.8,5.5,5.2,5,4.7,4.5,4.2,4,3.8,3.6,3.5,3.3,3.2,3,2.9,2.8,2.7,2.6,2.5,2.5,2.4,2.3,2.2,2.2,2.1,2,2
Israel,ISR,"Mortality rate, under-5 (per 1,000 live births)",SH.DYN.MORT,42,39.6,37.3,35.3,33.6,32.2,31.1,30.3,29.6,29.1,28.6,28.1,27.7,27.2,26.4,25.3,23.7,21.9,20.4,19.1,18.1,17.3,16.6,15.9,15.2,14.4,13.7,13,12.5,12.1,11.6,11.1,10.5,9.9,9.2,8.6,8.2,7.8,7.5,7.2,6.9,6.6,6.4,6.1,5.8,5.6,5.3,5.1,4.9,4.7,4.6,4.4,4.3,4.1,4,3.9,3.8,3.8,3.7,3.7
Italy,ITA,"Mortality rate, under-5 (per 1,000 live births)",SH.DYN.MORT,51.9,49.8,47.6,45.4,43.2,41.1,39.3,37.8,36.4,35.1,33.5,31.8,29.8,27.6,25.3,23.1,21.1,19.5,18.2,17,16.1,15.2,14.3,13.5,12.7,12,11.4,10.8,10.4,10,9.7,9.3,8.9,8.5,8,7.5,7,6.6,6.2,5.9,5.6,5.3,5,4.8,4.6,4.5,4.3,4.2,4.1,4.1,4,3.9,3.8,3.7,3.6,3.5,3.4,3.3,3.2,3.1
Jamaica,JAM,"Mortality rate, under-5 (per 1,000 live births)",SH.DYN.MORT,82.9,79.4,76.1,73.2,70.5,68,65.7,63.5,61.3,59.2,57.1,55,52.9,51,49.2,47.5,46,44.5,43.2,41.9,40.6,39.5,38.3,37.2,36.2,35.2,34.1,33.2,32.2,31.3,30.3,29.4,28.5,27.6,26.7,25.8,25,24.2,23.4,22.7,22,21.4,20.9,20.5,20.1,19.8,19.6,19.3,19,18.6,18.1,17.6,17.2,16.7,16.2,15.6,15.2,14.7,14.3,13.9
Jordan,JOR,"Mortality rate, under-5 (per 1,000 live births)",SH.DYN.MORT,156,147,138,130,123.1,116.4,110.2,104.4,99.1,94.1,89.5,85.1,80.9,77.1,73.4,69.9,66.6,63.5,60.5,57.8,55.1,52.6,50.3,48,45.9,43.9,42,40.3,38.7,37.3,36,34.8,33.7,32.7,31.7,30.8,30,29.2,28.4,27.6,26.9,26.1,25.4,24.7,24,23.3,22.7,22,21.4,20.8,20.2,19.7,19.1,18.6,18.1,17.6,17.1,16.6,16.1,15.6
Japan,JPN,"Mortality rate, under-5 (per 1,000 live births)",SH.DYN.MORT,39.7,36.2,32.9,29.8,27,24.6,22.6,21,19.6,18.5,17.5,16.5,15.7,14.8,14.1,13.3,12.5,11.8,11.1,10.5,9.9,9.3,8.8,8.3,7.9,7.5,7.1,6.8,6.6,6.4,6.3,6.2,6.1,6,5.9,5.7,5.5,5.2,5,4.7,4.5,4.3,4.1,4,3.9,3.7,3.6,3.5,3.4,3.3,3.2,3.2,3,2.9,2.8,2.8,2.7,2.6,2.5,2.5
Kazakhstan,KAZ,"Mortality rate, under-5 (per 1,000 live births)",SH.DYN.MORT,,,,,,,,,,,,84.9,82.8,80.8,79.1,77.5,76.2,75.1,73.8,72.3,70.6,68.5,66.1,63.8,61.7,59.5,57.5,55.6,53.9,52.6,51.8,51.6,51.9,52.5,52.9,52.8,51.7,49.7,47.3,44.8,42.2,39.7,37.3,35.1,33.1,31,28.9,26.8,24.7,22.5,20.4,18.3,16.3,14.6,13,11.8,11,10.5,10.3,10.5
Kenya,KEN,"Mortality rate, under-5 (per 1,000 live births)",SH.DYN.MORT,198,190,183,177,171.5,167.4,163.9,160.7,157.4,154.1,150.8,147.3,143.7,139.9,135.9,131.7,127.3,123,118.7,114.5,110.6,107.1,103.8,101.1,98.8,97.2,96.3,96.3,97.2,99,101.5,104.3,107.2,109.4,110.8,111,110.1,108.2,105.5,102.3,98.5,94.2,89.9,85.5,81.1,76.5,72.3,68.3,63.9,60.3,57.9,56,54.6,52.8,51.3,49.6,47.8,46.4,44.6,43.2
Kyrgyz Republic,KGZ,"Mortality rate, under-5 (per 1,000 live births)",SH.DYN.MORT,,,,,,,,,,,,,,,,113.4,110.8,108.4,105.5,102.6,99.5,96,92.1,88.1,83.9,79.6,75.5,71.7,68.6,66.3,65,64.7,65,64.9,64.1,62.5,60.1,57.5,54.7,52.2,49.7,47.4,45.1,43.1,41.1,39.3,37.5,35.8,33.8,31.6,29.5,27.7,26.1,24.7,23.5,22.3,21.2,20.1,19.2,18.3
Cambodia,KHM,"Mortality rate, under-5 (per 1,000 live births)",SH.DYN.MORT,,,,,,,,,,,,,,,,307.8,284.3,260.2,233.6,206.1,180,157.3,139.9,129,122.9,119.6,117.6,116.6,116.1,116,115.9,115.9,116.2,117,118,119.1,119.8,119.6,117.6,113.5,106.3,96.7,86.7,77.9,70.8,64.8,59.9,55.6,51.5,47.7,44,40.6,37.7,35.3,33.3,31.6,30.1,28.8,27.6,26.6
Kiribati,KIR,"Mortality rate, under-5 (per 1,000 live births)",SH.DYN.MORT,,,,180,172.8,165.9,159.6,153.7,148.4,143.4,139.1,135.1,131.7,129,126.9,125.2,123.8,122.9,122.2,121.8,121.2,120.5,119.6,118.2,116.5,114.2,111.1,107.7,103.7,99.5,95.5,91.7,88.6,85.9,83.6,81.5,79.4,77.3,75.3,73.1,71,69.1,67.5,66.4,65.9,65.8,65.9,66.1,66,65.4,64.5,63.2,61.9,60.5,58.9,57.4,55.8,54.1,52.5,50.9
St. Kitts and Nevis,KNA,"Mortality rate, under-5 (per 1,000 live births)",SH.DYN.MORT,,,,,,,,,,,,,68.5,65.8,63.4,61.1,59,57,54.9,52.6,50.2,47.6,44.9,42.2,39.7,37.5,35.5,33.9,32.5,31.4,30.5,29.8,29.3,28.8,28.4,27.9,27.3,26.6,25.8,24.8,23.8,22.7,21.6,20.7,19.8,19.1,18.6,18.1,17.9,17.6,17.5,17.4,17.4,17.3,17.1,16.9,16.6,16.2,15.8,15.4
"Korea, Rep.",KOR,"Mortality rate, under-5 (per 1,000 live births)",SH.DYN.MORT,112,107,102,96.8,92,87,81.8,76.5,71.1,66,61.2,57,53.3,50.4,47.9,45.7,43.8,41.9,40,38,35.8,33.5,31.1,28.8,26.5,24.2,22.1,20.1,18.3,16.8,15.4,14.2,13.1,12.1,11.2,10.4,9.7,9,8.4,8,7.5,7.1,6.8,6.4,6,5.6,5.2,4.8,4.5,4.3,4.1,4,3.8,3.7,3.6,3.5,3.4,3.3,3.3,3.2
Kuwait,KWT,"Mortality rate, under-5 (per 1,000 live births)",SH.DYN.MORT,141,132,123,114,106.4,98.6,91.7,85.3,79.6,74.6,70,65.7,61.8,58.1,54.6,51.2,48,44.8,41.8,38.9,36,33,30,27.2,24.8,23,21.6,20.5,19.5,18.5,17.5,19.2,15.8,15.2,14.7,14.3,13.9,13.5,13,12.7,12.4,12.1,11.9,11.8,11.6,11.4,11.2,11.1,10.9,10.7,10.4,10,9.6,9.3,9,8.7,8.5,8.3,8.1,7.9
Latin America & Caribbean (excluding high income),LAC,"Mortality rate, under-5 (per 1,000 live births)",SH.DYN.MORT,,,,,,,,,,,,,,,,,,,,,,,,,,,,,,,55.7496665,53.373141,50.9741051,48.583574,46.2149181,43.87491,41.6341837,39.4755979,37.8542827,35.8060652,33.7086736,32.0559847,30.4896988,29.0289204,27.6693807,26.4277231,25.3043002,24.2380155,23.2905926,22.4234609,24.9733627,20.8590547,20.176293,19.5278388,18.918576,18.3923543,18.4306996,17.5489385,17.0357832,16.5084353
Lao PDR,LAO,"Mortality rate, under-5 (per 1,000 live births)",SH.DYN.MORT,,,,,,,,,,,,,,,,,,,217,210.9,205.2,199.5,194,188.7,183.5,178.4,173.4,168.3,163.3,158.1,153,147.7,142.6,137.6,132.8,128,123.4,119,114.7,110.5,106.4,102.3,98.2,94.2,90.1,86.2,82.3,78.6,74.9,71.4,68,64.8,61.8,58.9,56.2,53.6,51.3,49.2,47.3,45.5
Lebanon,LBN,"Mortality rate, under-5 (per 1,000 live births)",SH.DYN.MORT,75.7,73.6,71.5,69.6,67.9,66.4,65.2,64,62.9,62,61.2,60.4,59.6,58.8,57.9,56.9,55.7,54.4,53,51.5,49.9,48.2,46.4,44.5,42.6,40.7,38.9,37.1,35.4,33.7,32.1,30.6,29.2,27.9,26.6,25.4,24.2,23.1,22,20.9,19.8,18.6,17.5,16.3,15.2,14.1,13.1,12.2,11.4,10.8,10.3,9.8,9.4,9,8.7,8.3,8,7.7,7.4,7.2
Liberia,LBR,"Mortality rate, under-5 (per 1,000 live births)",SH.DYN.MORT,310,311,310,309,307.3,304.7,301.7,297.9,293.6,288.8,284,279.2,274.7,270.4,265.8,261.2,257.1,253.4,249.7,246.1,242.8,239.9,237.6,236.4,236.3,238.2,241.7,246.7,252.7,258.2,262.6,264.6,263.7,260.2,254.1,245.9,236.2,225.3,213.4,201,188,175.1,162.3,150.1,138.9,129.1,120.8,114.1,108.6,104.2,100.8,98,95.7,93.8,94.3,91,89.3,87.9,86.4,84.6
Libya,LBY,"Mortality rate, under-5 (per 1,000 live births)",SH.DYN.MORT,278,260,243,227,212.1,197.5,183.8,170.6,158.3,146.7,135.9,125.8,116.9,108.6,101.2,94.6,88.7,83.4,78.7,74.4,70.5,66.9,63.5,60.3,57.3,54.4,51.6,48.9,46.4,44,41.7,39.6,37.7,35.9,34.5,33.1,31.9,30.8,29.8,28.9,28.1,27.3,26.4,25.5,24.4,23.1,21.7,20.2,18.8,17.6,16.6,17.5,15.1,14.4,13.8,13.3,12.8,12.4,11.9,11.5
St. Lucia,LCA,"Mortality rate, under-5 (per 1,000 live births)",SH.DYN.MORT,164,156,147,137,127.2,117.3,107.6,98.4,89.6,81.5,74.1,67.4,61.4,56,51.2,47,43.4,40.1,37.3,34.9,32.8,30.9,29.4,28,26.8,25.7,24.7,23.9,23.1,22.5,21.8,21.3,20.8,20.3,19.9,19.6,19.3,19,18.8,18.6,18.5,18.4,18.4,18.4,18.5,18.6,18.7,18.8,19,19.2,19.5,19.7,20,20.3,20.6,21,21.3,21.7,22,22.3
Liechtenstein,LIE,"Mortality rate, under-5 (per 1,000 live births)",SH.DYN.MORT,,,,,,,,,,,,,,,,,,,,,,,,,,,,,,,,,,,,,,,,,,,,,,,,,,,,,,,,,,,,
Sri Lanka,LKA,"Mortality rate, under-5 (per 1,000 live births)",SH.DYN.MORT,94,89.8,86.9,84.8,82.8,80.7,78.2,75.4,73.1,71.4,70.1,69.2,68.5,67.5,66,63.9,61.1,57.6,53.7,49.8,46.2,43,40.1,36.9,33.5,30.1,27,24.6,22.9,22.2,21.9,21.8,21.6,21.2,20.7,20,19.3,18.6,17.9,17.2,16.5,16,15.5,15.1,29.1,14.2,13.5,12.9,12.4,12,11.6,11.2,10.6,10,9.3,8.7,8.2,7.8,7.4,7.1
Lesotho,LSO,"Mortality rate, under-5 (per 1,000 live births)",SH.DYN.MORT,187,186,186,187,188,188.5,188.3,187.1,185,182,178.4,174.4,170.4,166,161,155.5,149.4,143.1,136.5,129.8,123.3,117,111.1,105.6,100.7,96.6,93,90.1,87.8,86.1,85.2,85,85.8,87.3,89.5,92.2,94.8,98,101,103.9,106.8,109.3,110.6,111.8,112.7,113.3,113.9,111.6,110.6,103.7,97.9,96.1,95.6,94.8,94.2,94.1,90.6,88.7,86.6,86.4
Late-demographic dividend,LTE,"Mortality rate, under-5 (per 1,000 live births)",SH.DYN.MORT,,,,,,,,,,,,,,,,,,,,,,,,,,,,,,,50.2266957,49.2675564,48.1256026,46.6687177,45.0339732,43.3119525,41.5175275,39.6414048,37.6851055,35.6678464,33.5112402,31.273139,29.0161942,26.8201475,24.9856214,22.9713048,21.3060823,19.8630052,18.5771206,17.4435502,16.4072876,15.4342091,14.5425373,13.7316532,12.9702111,12.2186227,11.6620618,10.9514112,10.3694528,9.85410167
Lithuania,LTU,"Mortality rate, under-5 (per 1,000 live births)",SH.DYN.MORT,,,,,,,,27.4,26.5,24.7,22.7,21.6,21.2,21.4,22,22.5,22.7,22.4,21.9,21.1,20.4,19.7,19.2,18.8,18.2,17.4,16.3,15.1,14.4,14.3,15,16.4,17.9,18.2,16.9,15,13.4,12.3,11.6,11.1,10.7,10.3,9.9,9.5,9.3,9,8.6,8,7.3,6.7,6.1,5.6,5.2,5,5,4.9,4.7,4.4,4,3.7
Luxembourg,LUX,"Mortality rate, under-5 (per 1,000 live births)",SH.DYN.MORT,37.7,35.7,33.8,32,30.3,28.8,27.4,26.1,24.8,23.6,22.3,21.1,19.9,18.8,17.7,16.7,15.8,15.1,14.4,13.9,13.4,12.9,12.5,12,11.6,11.1,10.7,10.2,9.7,9.2,8.7,8.2,7.7,7.2,6.7,6.3,5.9,5.5,5.2,4.9,4.7,4.4,4.2,4,3.8,3.6,3.5,3.3,3.2,3.1,3,3,2.9,2.9,2.9,2.9,2.9,2.8,2.8,2.8
Latvia,LVA,"Mortality rate, under-5 (per 1,000 live births)",SH.DYN.MORT,,,,,,,,,,,,,,,,,,,,20.8,20.7,20.6,20.3,19.7,18.7,17.5,16.4,15.5,15.2,15.8,17,18.4,19.3,19.9,20,19.8,19,17.9,16.6,15.4,14.2,13.3,12.6,11.9,11.2,10.5,9.8,9.3,8.8,8.3,7.8,7.3,6.6,6,5.5,5,4.5,4.2,3.9,3.6
"Macao SAR, China",MAC,"Mortality rate, under-5 (per 1,000 live births)",SH.DYN.MORT,,,,,,,,,,,,,,,,,,,,,,,,,,,,,,,,,,,,,,,,,,,,,,,,,,,,,,,,,,,,
Morocco,MAR,"Mortality rate, under-5 (per 1,000 live births)",SH.DYN.MORT,238,233,228,223,218,212.6,207.2,201.9,196.8,191.9,187.5,183.1,178.9,174.6,170,164.7,158.9,152.6,145.9,139.1,132.3,125.8,119.4,113.2,107.3,101.7,96.5,91.6,87.1,83,79.1,75.5,72.1,68.8,65.6,62.5,59.6,56.8,54.2,51.7,49.4,47.2,45.2,43.2,41.4,39.6,37.9,36.3,34.7,33.2,31.8,30.4,29,27.7,26.5,25.3,24.2,23.1,22.2,21.4
Monaco,MCO,"Mortality rate, under-5 (per 1,000 live births)",SH.DYN.MORT,,,,,,,,,,,,,,,,,,,,,,,,,,9.7,9.3,8.9,8.5,8.1,7.8,7.4,7.1,6.8,6.5,6.2,6,5.8,5.5,5.3,5.2,5,4.9,4.7,4.6,4.5,4.4,4.3,4.2,4.1,4,3.9,3.8,3.7,3.6,3.5,3.4,3.3,3.2,3.1
Moldova,MDA,"Mortality rate, under-5 (per 1,000 live births)",SH.DYN.MORT,,,,,,,,,,,,64.1,62.3,60.7,59,57.3,55.5,53.9,52.4,51,49.7,48.3,46.6,44.6,42.5,40.3,38.2,36.3,34.7,33.7,33.2,33.6,34.5,35.9,37.3,38.3,38.6,38,36.5,34.2,31.4,28.4,25.5,23,21.1,19.7,18.7,18.1,17.7,17.3,17.1,16.8,16.5,16.2,15.9,15.6,15.3,15,14.7,14.4
Madagascar,MDG,"Mortality rate, under-5 (per 1,000 live births)",SH.DYN.MORT,,,,,,,,,145.8,147.7,149.6,151.7,153.9,156.3,158.9,161.5,163.9,166.1,168.2,170.3,172.6,175,177.2,178.7,179.1,178.2,175.9,172.3,167.8,162.7,157.3,152.2,147.3,142.4,137.8,132.9,127.8,122.5,117.1,111.8,106.5,101.6,97,92.5,88.4,84.4,80.7,77.3,74.1,71.1,68.5,66,63.7,61.7,59.8,57.9,56,54.1,52.3,50.6
Maldives,MDV,"Mortality rate, under-5 (per 1,000 live births)",SH.DYN.MORT,,,,,,304.5,295.3,286,276.9,267.6,257.6,247.3,236.2,224.3,212.2,200.3,188.8,178.1,168,158.6,149.8,141.6,134,126.9,120,113.5,107.4,101.5,96,90.8,85.8,81.1,76.4,71.7,67,62.3,57.6,52.8,48.1,43.4,38.9,34.5,30.5,27,26.9,21.3,19.2,17.5,16,14.9,13.9,13,12.2,11.5,10.8,10.1,9.5,8.8,8.2,7.6
Mexico,MEX,"Mortality rate, under-5 (per 1,000 live births)",SH.DYN.MORT,156,149,143,138,132.7,127.9,123.4,119.1,114.8,110.7,106.7,102.8,99,95.4,91.8,88.3,84.9,81.6,78.3,75,71.8,68.6,65.5,62.5,59.7,57.1,54.5,52.1,49.7,47.5,45.3,43.2,41.2,39.3,37.5,35.7,34.1,32.5,31,29.6,28.2,27,25.8,24.7,23.7,22.8,22,21.2,20.5,19.8,19.1,18.5,17.9,17.3,16.7,16.2,15.7,15.2,14.7,14.2
Marshall Islands,MHL,"Mortality rate, under-5 (per 1,000 live births)",SH.DYN.MORT,121,116,110,106,101,97,93.2,89.5,86.1,82.6,79.4,76.6,74,71.9,70.4,69.3,68.6,67.9,67.2,66.4,65.4,64.3,63,61.5,60,58.3,56.7,54.9,53.1,51.2,49.3,47.3,45.5,43.8,42.5,41.6,41.1,40.9,40.9,40.9,40.9,40.9,40.7,40.5,40.2,40,39.7,39.4,39.2,39,38.7,38.4,38,37.3,36.6,35.7,34.7,33.8,32.8,31.8
North Macedonia,MKD,"Mortality rate, under-5 (per 1,000 live births)",SH.DYN.MORT,,,,,,,,,,,,,,,,,,,,,,56.6,55,53.1,50.9,49.2,48.5,47.6,44.6,39.8,35.7,34.2,33.8,31.9,28,24.1,21.4,19.7,18.3,17,15.8,15,14.5,14.2,14,13.7,13.3,12.5,11.6,10.7,10.1,10,10.5,11.4,12.5,13,12,9.9,7.8,6.1
Mali,MLI,"Mortality rate, under-5 (per 1,000 live births)",SH.DYN.MORT,,,,421,413.5,406.5,399.9,393.4,387.3,381.4,375.8,370,363.7,356.9,349.5,341.5,333.2,324.8,316.4,307.9,299.8,291.5,283.4,275.4,267.6,260.2,253.1,246.5,240.5,235,230,225.5,221.6,218.1,214.8,211.3,207.6,203.5,198.7,193.3,187.2,180.9,174.5,168.2,162.1,156.3,150.7,145.3,140.1,135.1,130.3,125.5,121.1,116.7,112.5,108.6,104.8,101.1,97.4,94
Malta,MLT,"Mortality rate, under-5 (per 1,000 live births)",SH.DYN.MORT,40.3,38.2,36.8,35.7,34.7,33.8,32.8,31.7,30.5,29.2,27.9,26.5,25.2,23.9,22.6,21.4,20.3,19.3,18.4,17.6,16.9,16.2,15.7,15.1,14.5,13.9,13.3,12.8,12.3,11.8,11.4,11,10.6,10.2,9.8,9.4,9,8.6,8.2,7.9,7.6,7.3,7.1,7,6.9,6.8,6.8,6.8,6.8,6.8,6.8,6.8,6.9,6.9,7,7,7.1,7.1,7.1,7
Myanmar,MMR,"Mortality rate, under-5 (per 1,000 live births)",SH.DYN.MORT,,,,,,,,,180.4,177.1,173.8,170.4,167,163.6,160.1,156.7,153.2,149.5,146.1,142.9,139.8,136.9,134.1,131.4,128.9,126.6,124.3,121.9,119.6,117.1,114.6,112,109.3,106.6,104,101.3,98.8,96.3,93.8,91.4,89,86.6,84.3,81.8,79.3,76.7,74.1,71.5,89.1,66,63.4,60.7,58.2,55.8,53.7,51.8,49.9,48.1,46.4,44.7
Montenegro,MNE,"Mortality rate, under-5 (per 1,000 live births)",SH.DYN.MORT,,,,,,,,,,,,,,,,,,,,,,,,,27.3,24.8,22.5,20.5,18.9,17.5,16.5,15.8,15.4,15.2,15.1,15.1,15.1,15,14.9,14.6,14.2,13.7,13,12.3,11.5,10.7,9.8,9,8.1,7.3,6.6,5.8,5.2,4.6,4,3.6,3.1,2.8,2.5,2.3
Mongolia,MNG,"Mortality rate, under-5 (per 1,000 live births)",SH.DYN.MORT,,,,,,,,,,,,,,,,,,,172,166,160.4,155.1,149.9,144.8,139.9,134.5,129,123.5,118.1,112.9,108.1,103.7,99.6,95.7,91.9,88.1,84,79.6,75,70.3,65.5,60.7,56.1,51.8,47.7,44.1,40.8,37.8,35.1,32.5,30.2,27.9,25.7,23.7,21.9,20.2,18.8,17.5,16.5,15.6
Northern Mariana Islands,MNP,"Mortality rate, under-5 (per 1,000 live births)",SH.DYN.MORT,,,,,,,,,,,,,,,,,,,,,,,,,,,,,,,,,,,,,,,,,,,,,,,,,,,,,,,,,,,,
Mozambique,MOZ,"Mortality rate, under-5 (per 1,000 live births)",SH.DYN.MORT,,,,,272.2,273.5,274.9,276,276.1,276.1,275.8,275.2,274.3,273.2,271.8,270.5,269.2,267.9,267.1,266.5,266.1,265.6,264.7,263.3,261.1,258.3,255.3,252.2,249.3,246.2,243.1,240,236.2,231.5,225.6,218.5,210,200.4,189.9,179.6,169.7,160.6,152.2,144.7,138,131.9,126.2,119.3,113.2,107.7,104.9,100.4,96.3,92.3,89.3,85.4,81.8,79.4,77,74.2
Mauritania,MRT,"Mortality rate, under-5 (per 1,000 live births)",SH.DYN.MORT,251,245,238,232,225.2,218.9,212.6,206.5,200.7,195.9,192.6,190.7,189.6,189.1,188,185.9,182.8,178.8,174.1,169.4,164.8,160,155.4,150.4,145,139.3,133.6,128.4,123.9,120.3,117.7,115.7,114.5,113.7,113.4,113.3,113.3,113.3,113.2,113,112.7,112.3,111.8,111.2,110.1,108.6,106.6,104.2,101.7,99.1,96.6,93.7,90.8,88.1,85.5,82.7,80.3,77.8,75.3,72.9
Mauritius,MUS,"Mortality rate, under-5 (per 1,000 live births)",SH.DYN.MORT,104,98.7,92.5,87.1,84,84.8,90.9,98,97.5,87.5,78.4,77.7,81.8,81.8,73.6,63.1,55.3,50.3,46.7,43.9,41,37.4,33.8,31.1,29.5,28.8,28.7,28.5,27.3,25.2,23,21.6,21.1,21.2,21.7,22.3,22.7,22.6,21.8,20.4,18.8,17.5,16.6,16,15.7,15.6,15.4,15.2,14.9,14.6,14.5,14.7,14.9,15,14.8,14.5,14.5,14.9,15.4,16
Malawi,MWI,"Mortality rate, under-5 (per 1,000 live births)",SH.DYN.MORT,,,,,,353,351.2,349.4,347.5,344.7,341.3,336.4,329.9,322.2,313.5,304.3,294.9,285.2,275,264.5,255.9,248.6,244.4,244,247.1,251.4,254.5,255.5,253.5,248.9,242.8,235.4,227.8,220.2,212.8,206.3,201.4,197,191.3,183.4,172.6,159,144.3,130.5,118.8,109.7,103.6,99.4,94.5,89.8,84.9,78.6,71.2,63.9,58,53.8,50,46.9,43.9,41.6
Malaysia,MYS,"Mortality rate, under-5 (per 1,000 live births)",SH.DYN.MORT,92.6,86.3,80.5,75.3,70.6,66.5,63,60,57.4,55.2,53.3,51.3,49.4,47.2,44.9,42.4,39.9,37.3,34.9,32.5,30.2,28.2,26.2,24.5,23,21.6,20.3,19.2,18.2,17.4,16.6,15.8,15.1,14.4,13.9,13.4,12.9,12.4,11.7,11,10.2,9.5,8.9,8.5,8.3,8.2,8.1,8.1,8.1,8.1,8.1,8,8,8,8,8.1,8.2,8.3,8.4,8.6
North America,NAC,"Mortality rate, under-5 (per 1,000 live births)",SH.DYN.MORT,,,,,,,,,,,,,,,,,,,,,,,,,,,,,,,11,10.6,10.2,9.9,9.6,9.2,9,8.7,8.6,8.4,8.3,8.2,8.1,8,7.9,7.8,7.7,7.6,7.5,7.3,7.2,7.1,6.9,6.8,6.7,6.7,6.6,6.5,6.4,6.3
Namibia,NAM,"Mortality rate, under-5 (per 1,000 live births)",SH.DYN.MORT,,,,,,,,94.7,95.2,95.5,96,96.4,96.9,97.6,98.3,99.2,100.1,100.8,101.3,101.4,100.8,99.4,97.3,94.4,91,87.3,83.7,80.3,77.3,74.6,72.3,70.5,69.3,68.9,69.3,70.6,72.1,73.6,74.8,75.4,75.4,74.9,74.3,74,73.7,70.2,65.6,60.7,55.8,51.8,49.7,50.4,52.2,50.1,48.1,47.8,46.3,44.5,43.3,42.4
New Caledonia,NCL,"Mortality rate, under-5 (per 1,000 live births)",SH.DYN.MORT,,,,,,,,,,,,,,,,,,,,,,,,,,,,,,,,,,,,,,,,,,,,,,,,,,,,,,,,,,,,
Niger,NER,"Mortality rate, under-5 (per 1,000 live births)",SH.DYN.MORT,,,,,,,,313,317.2,321.3,325.7,330.2,334,336.7,337.6,336.9,334.2,330.2,325.7,321.6,319.1,318.8,320.9,324.7,329.3,333.5,336.5,337.4,336.2,333.3,328.6,322.2,313.8,303.5,291.7,278.5,265.8,254.1,243.8,234.2,224.8,215.2,204.6,193.2,181.7,170.3,159.5,149.1,139.6,130.5,122.2,114.8,108.5,103,98.5,94,90.2,86.6,83.4,80.4
Nigeria,NGA,"Mortality rate, under-5 (per 1,000 live births)",SH.DYN.MORT,,,,,323.3,316.2,309.2,302.4,295.8,288.9,281.4,273.8,265.7,257.4,249.3,241.5,234,227.2,221.1,215.9,211.8,208.7,206.9,206.2,206.3,206.9,207.8,208.7,209.4,209.7,209.5,209,208.3,207.4,206.1,204.1,201.4,197.8,193.5,188.5,183.1,177.7,172,166.4,160.8,155.5,150.6,146,142.2,138.8,136,133.6,131.7,129.9,128.5,126.8,125,122.8,120,117.2
Nicaragua,NIC,"Mortality rate, under-5 (per 1,000 live births)",SH.DYN.MORT,198,196,194,191,189.1,186.3,183.5,180.6,177.4,173.8,170,165.7,160.8,155.5,149.6,143.1,136.2,129,121.7,114.6,107.8,101.5,95.9,90.7,86.2,82.2,78.7,75.5,72.4,69.5,66.5,63.4,60.3,57.2,54.2,51.2,48.4,45.7,48.9,40.7,38.5,36.4,34.6,32.9,31.3,29.9,28.5,27.2,26,24.9,23.9,22.9,22,21.1,20.3,19.4,18.7,18,17.3,16.6
Netherlands,NLD,"Mortality rate, under-5 (per 1,000 live births)",SH.DYN.MORT,20.8,20.3,19.7,19.2,18.8,18.3,17.9,17.4,16.9,16.4,15.8,15.3,14.7,14.1,13.6,13.1,12.6,12.1,11.6,11.2,10.9,10.6,10.4,10.2,9.9,9.7,9.5,9.2,8.9,8.6,8.3,8,7.7,7.4,7.1,6.9,6.7,6.5,6.4,6.3,6.2,6.1,5.9,5.7,5.5,5.3,5.1,4.9,4.7,4.6,4.4,4.3,4.2,4.1,4.1,4,4,4,4,4
Norway,NOR,"Mortality rate, under-5 (per 1,000 live births)",SH.DYN.MORT,22.6,22.1,21.6,21,20.4,19.7,19,18.2,17.5,16.9,16.2,15.6,15,14.3,13.6,12.9,12.2,11.5,10.9,10.4,10.1,9.9,9.9,10,10.1,10.2,10.2,10.1,9.8,9.3,8.7,7.9,7.2,6.6,6.1,5.7,5.4,5.2,5.1,5,4.9,4.7,4.6,4.4,4.2,4.1,3.9,3.7,3.6,3.4,3.3,3.1,3,2.9,2.8,2.7,2.6,2.6,2.5,2.4
Nepal,NPL,"Mortality rate, under-5 (per 1,000 live births)",SH.DYN.MORT,323,319,314,309,302.5,296.1,289.8,283,276.6,270.4,264.6,258.9,253.5,248.2,242.8,237.5,232,226.4,220.3,214.2,207.8,201.3,194.9,188.4,181.9,175.2,168.4,161.3,154.2,146.9,139.8,132.7,126,119.4,113.2,107.2,101.6,96.1,90.8,85.8,81,76.5,72.2,68.2,64.5,61,57.7,54.7,51.8,49.2,46.6,44.2,42,39.9,37.9,36.2,34.6,33.2,31.9,30.8
Nauru,NRU,"Mortality rate, under-5 (per 1,000 live births)",SH.DYN.MORT,,,,,,,,,,,,,,,,,,,,,,,,,,74.1,70.8,68,65.3,62.7,60.3,57.8,55.5,53.2,51.2,49.3,47.5,45.7,44.2,42.7,41.5,40.5,39.6,39.1,38.7,38.7,38.8,39.1,39.3,39.3,38.9,38.4,37.7,36.8,35.8,34.9,33.9,32.9,31.9,30.9
New Zealand,NZL,"Mortality rate, under-5 (per 1,000 live births)",SH.DYN.MORT,27.9,26.9,25.8,24.7,23.8,23.1,22.5,22,21.6,21.2,20.8,20.3,19.8,19.4,18.9,18.3,17.7,17.1,16.6,16.1,15.6,15.2,14.8,14.5,14.1,13.8,13.4,12.9,12.4,11.8,11.2,10.6,10,9.5,9.1,8.7,8.4,8.1,7.8,7.6,7.4,7.2,7,6.9,6.7,6.6,6.5,6.4,6.3,6.2,6.1,6,5.9,5.8,5.6,5.5,5.3,5.1,4.9,4.7
OECD members,OED,"Mortality rate, under-5 (per 1,000 live births)",SH.DYN.MORT,,,,,,,,,,,,,,,,,,,,,,,,,,,,,,,21.9701779,20.9652256,19.9916461,19.0485854,18.1755881,17.3276948,16.5350887,15.7469813,15.0606426,14.3902894,13.7153741,13.1108288,12.520457,11.9588977,11.468346,10.9778736,10.5212298,10.0783938,9.70228538,9.35751316,9.00824247,8.72890787,8.44532724,8.19940194,7.94947688,7.74792427,7.5305023,7.36502141,7.16470937,6.96796695
Oman,OMN,"Mortality rate, under-5 (per 1,000 live births)",SH.DYN.MORT,,,340,325,309.8,296.1,282.5,269,255.6,242,229,216.2,203.4,191.1,178.9,166.9,154.9,143.1,131.6,120.4,109.7,99.6,89.9,80.8,72.4,64.9,58.2,52.4,47.3,42.7,38.7,35.1,31.8,28.9,26.3,24.1,22.1,20.4,18.9,17.6,16.4,15.4,14.6,13.8,13.3,12.8,12.5,12.2,12,11.8,11.7,11.6,11.4,11.3,11.2,11.2,11.3,11.3,11.4,11.4
Other small states,OSS,"Mortality rate, under-5 (per 1,000 live births)",SH.DYN.MORT,,,,,,,,,,,,,,,,,,,,,,,,,,,,,,,95.9530188,94.596526,93.6738992,93.0998107,92.7893082,92.6442846,91.92998,91.4963957,90.7861879,89.7256028,88.4346278,86.7332534,84.7267288,82.6633739,80.4658627,77.6317985,74.3323534,71.2019925,68.5228894,65.2285024,62.1746075,60.140798,58.5133052,56.6902493,55.1569827,53.6884939,52.1564779,50.8591272,49.1748141,47.7275453
Pakistan,PAK,"Mortality rate, under-5 (per 1,000 live births)",SH.DYN.MORT,252,243,235,227,219.4,212.7,207,201.9,197.5,193.6,190,186.6,183.4,180.5,177.8,175.4,173.1,171,168.9,166.8,164.7,162.5,160.3,157.9,155.5,152.8,150.2,147.5,144.8,142.2,139.5,136.7,133.7,130.7,127.5,124.2,120.8,117.3,113.9,110.6,107.5,104.7,102.2,100,98,96.1,94.4,92.7,90.9,89.1,87.1,85,82.9,80.6,78.3,76.1,73.8,71.6,69.4,67.2
Panama,PAN,"Mortality rate, under-5 (per 1,000 live births)",SH.DYN.MORT,90.2,87.6,84.9,82.4,80,77.7,75.5,73.3,71.1,68.6,65.9,62.9,59.8,56.8,54,51.5,49.4,47.7,46.2,44.9,43.4,42,40.5,39.1,37.6,36.2,34.9,33.7,32.6,31.6,30.7,30,29.3,28.8,28.3,28,27.6,27.3,26.9,26.5,25.9,25.4,24.7,24.1,23.5,22.9,22.3,21.7,21,20.5,19.9,19.3,18.7,18.1,17.5,16.9,16.4,15.9,15.3,14.9
Peru,PER,"Mortality rate, under-5 (per 1,000 live births)",SH.DYN.MORT,228,221,215,208,200.6,193.8,187.4,181.3,175.7,170.6,165.6,160.9,156.1,151.3,146.6,142.3,138.4,135,132,129,126.1,123,119.4,115.1,110.3,105.1,99.7,94.3,89.4,84.8,80.3,76,71.6,67.1,62.5,58,53.6,49.4,45.4,41.8,38.5,35.6,33,30.6,28.6,26.8,25.1,23.6,22.2,21,19.9,18.9,18,17.2,16.4,15.7,15,14.3,13.7,13.2
Philippines,PHL,"Mortality rate, under-5 (per 1,000 live births)",SH.DYN.MORT,103,100,97.4,95.1,93,91.1,89.3,87.6,86.1,84.8,83.8,83.1,82.7,82.4,82.3,82.3,82.1,81.7,81.1,80.4,79.5,78.5,77.4,76.1,74.5,72.6,70.1,67.1,63.7,60.1,56.6,53.3,50.4,47.8,45.6,43.7,42,40.6,39.4,38.5,37.7,36.9,36.3,35.6,34.9,34.2,33.6,33.1,32.6,32.1,31.7,31.3,31,30.6,30.2,29.8,29.3,28.7,28,27.3
Palau,PLW,"Mortality rate, under-5 (per 1,000 live births)",SH.DYN.MORT,,,,,,,,,,,,,,,,,,,,,,,,,,36.4,36.2,36.1,35.9,35.6,35.4,35,34.5,33.9,33.2,32.5,31.7,30.9,30.1,29.5,28.8,28.2,27.6,27,26.5,26,25.5,24.9,24.3,23.6,23,22.3,21.6,21,20.4,19.7,19.1,18.5,17.9,17.3
Papua New Guinea,PNG,"Mortality rate, under-5 (per 1,000 live births)",SH.DYN.MORT,197,191,185,179,173.6,168,162.6,157.4,152.2,147.1,142.4,137.9,133.5,129.4,125.4,121.6,118,114.7,111.5,108.5,105.6,102.9,100.4,98,95.8,93.7,91.8,89.9,88.1,86.4,84.7,83,81.4,79.9,78.4,77.1,75.7,74.4,73.1,71.8,70.6,69.4,68.1,66.9,65.6,64.3,62.9,61.5,60.2,58.8,57.3,56,54.6,53.2,51.8,50.5,49,47.6,46.3,44.8
Poland,POL,"Mortality rate, under-5 (per 1,000 live births)",SH.DYN.MORT,65.1,60.1,56.1,52.5,48.9,45.6,42.8,40.5,38.8,37.6,36.2,34.4,32.3,30.5,29,27.9,27,26.2,25.5,24.7,24,23.3,22.7,22,21.2,20.3,19.6,18.9,18.3,17.8,17.4,16.9,16.4,15.9,15.3,14.5,13.3,12,10.8,10,9.3,8.8,8.4,8.1,7.8,7.6,7.3,7,6.7,6.3,6,5.7,5.4,5.2,5,4.8,4.7,4.6,4.5,4.4
Pre-demographic dividend,PRE,"Mortality rate, under-5 (per 1,000 live births)",SH.DYN.MORT,,,,,,,,,,,,,,,,,,,,,,,,,,,,,,,184.041791,182.161821,180.225295,178.160176,175.869731,173.207074,170.167936,166.660234,162.652197,158.167621,153.195556,147.923013,142.425866,136.938501,131.493546,126.277737,121.354736,116.621056,112.205608,108.048684,104.323617,100.832927,97.6423975,94.6230454,91.9539741,89.3859886,86.7465587,84.2775827,81.7464929,79.3221774
Puerto Rico,PRI,"Mortality rate, under-5 (per 1,000 live births)",SH.DYN.MORT,,,,,,,,,,,,,,,,,,,,,,,,,,,,,,,,,,,,,,,,,,,,,,,,,,,,,,,,,,,,
"Korea, Dem. People's Rep.",PRK,"Mortality rate, under-5 (per 1,000 live births)",SH.DYN.MORT,,,,,,,,,,,,,,,,,,,,,,,,,,35.1,34.7,35.2,36.8,39.5,43.4,48.6,54.8,61.3,67.7,72.8,75.7,75.7,72.9,67.4,60,52.1,44.7,38.9,35,33,32.4,32.2,31.8,31,29.5,27.7,25.7,24,22.4,21.1,20,19,18.2,17.3
Portugal,PRT,"Mortality rate, under-5 (per 1,000 live births)",SH.DYN.MORT,115,110,104,97.7,90.9,85,80.6,77.4,74.9,72.2,68.6,63.5,57.8,52.4,47.8,43.6,39.4,35.6,32.3,29.7,27.6,25.8,24.2,22.8,21.6,20.4,19.3,18.2,17,15.9,14.7,13.6,12.5,11.4,10.5,9.7,9.1,8.6,8.2,7.7,7.2,6.6,6.1,5.5,5,4.6,4.4,4.2,4,3.9,3.8,3.7,3.7,3.6,3.6,3.6,3.6,3.6,3.7,3.7
Paraguay,PRY,"Mortality rate, under-5 (per 1,000 live births)",SH.DYN.MORT,82.3,81.5,81,80.4,80,79.7,79.3,79,78.7,78.3,77.7,77,76.2,75.3,74.2,73,71.6,70.1,68.5,66.8,64.9,62.9,60.9,58.8,56.7,54.7,52.7,50.7,48.9,47.1,45.3,43.7,42.1,40.7,39.3,38.2,37.1,36.2,35.3,34.5,33.7,32.9,32.2,31.4,30.7,30,29.2,28.4,27.6,26.8,26,25.2,24.4,23.6,22.9,22.2,21.5,20.8,20.1,19.4
West Bank and Gaza,PSE,"Mortality rate, under-5 (per 1,000 live births)",SH.DYN.MORT,,,,,,,,,,,,,,,,107.4,101.1,95,89.4,84.1,79,74.4,70,65.9,62.2,58.6,55.3,52.2,49.3,46.8,44.5,42.4,40.5,38.8,37.3,35.8,34.5,33.2,32.1,31,30,29.1,28.3,27.6,26.8,26.1,25.4,24.8,24.2,23.6,23.2,22.8,22.4,22.1,21.8,21.4,21,20.5,19.9,19.4
Pacific island small states,PSS,"Mortality rate, under-5 (per 1,000 live births)",SH.DYN.MORT,,,,,,,,,,,,,,,,,,,,,,,,,,,,,,,36.353807,35.2061163,34.2153334,33.2734207,32.4735928,31.7865112,31.1590773,31.1051291,30.0736559,29.5295423,29.0048668,28.5876153,28.2629844,28.0143268,27.8866673,27.8894116,27.8465284,27.8004326,27.6477834,27.9177441,27.150006,26.8097497,26.4715639,26.134758,25.80534,25.4577955,25.0856154,24.7786557,24.3951113,23.9331433
Post-demographic dividend,PST,"Mortality rate, under-5 (per 1,000 live births)",SH.DYN.MORT,,,,,,,,,,,,,,,,,,,,,,,,,,,,,,,10.7488358,10.3502252,9.94079783,9.50777264,9.11819782,8.74025363,8.38515803,8.04329488,7.80844627,7.54904993,7.30115571,7.10122558,6.9196382,6.75348863,6.62870876,6.46298143,6.31128541,6.13460603,5.98669893,5.85170774,5.67878105,5.55469557,5.41827032,5.30053282,5.19439282,5.11679697,5.03212327,4.99566893,4.92106496,4.85236184
French Polynesia,PYF,"Mortality rate, under-5 (per 1,000 live births)",SH.DYN.MORT,,,,,,,,,,,,,,,,,,,,,,,,,,,,,,,,,,,,,,,,,,,,,,,,,,,,,,,,,,,,
Qatar,QAT,"Mortality rate, under-5 (per 1,000 live births)",SH.DYN.MORT,,,,,,,,,,70.5,65.9,61.4,57.4,53.7,50.4,47.5,44.7,42.2,40,38,36.1,34.4,32.8,31.3,29.8,28.3,26.8,25.3,23.7,22.2,20.8,19.5,18.2,17.1,16.1,15.3,14.6,14,13.5,13,12.5,12,11.6,11.2,10.8,10.4,10.1,9.8,9.6,9.3,9.1,8.9,8.7,8.4,8.1,7.8,7.5,7.1,6.8,6.5
Romania,ROU,"Mortality rate, under-5 (per 1,000 live births)",SH.DYN.MORT,87.2,80,70.4,61.3,54.8,52.8,56.7,63.8,67,62.4,55.2,50,47.1,45.3,44,42.5,40.7,38.8,37.4,36.7,35.9,34.5,32.7,31.3,30.9,31.5,33,34.7,34.9,33.1,30.9,29.4,28.7,28.2,27.6,27,26.5,25.9,24.7,22.9,21.4,20.5,20.2,19.9,19.3,18.2,16.7,15.2,13.9,13,12.4,11.8,11.3,10.6,9.8,9.1,8.6,8.1,7.5,7
Russian Federation,RUS,"Mortality rate, under-5 (per 1,000 live births)",SH.DYN.MORT,,,,,,,,,,,38.2,36.5,35,33.5,32.1,31,30.1,29.4,28.7,28.1,27.6,27.1,26.6,26.1,25.6,24.9,24.2,23.4,22.6,22,21.6,21.5,21.7,21.8,21.9,21.8,21.6,21.2,20.7,20.1,19.3,18.3,17.2,16,14.9,13.8,12.8,11.9,11.2,10.7,10.4,10.1,9.8,9.5,8.9,8.2,7.5,6.9,6.3,5.8
Rwanda,RWA,"Mortality rate, under-5 (per 1,000 live births)",SH.DYN.MORT,221,217,213,211,209.9,209.9,210.8,212.5,215.1,218.1,221.3,225,229.3,234.6,240.5,246.2,250.5,250.8,245,233.4,218.4,201.9,186.9,175.2,166.4,159.6,154.5,150.8,148.3,147.5,149.8,155,162.6,179.5,276.4,249.7,194.3,214.7,230.9,196,178.7,166.4,152.2,137.5,122.7,109.3,97.6,87.5,78.5,70.7,63.7,57.1,52,47.6,44.3,41.5,39.2,37.5,35.9,34.3
South Asia,SAS,"Mortality rate, under-5 (per 1,000 live births)",SH.DYN.MORT,,,,,,,,,,,,,,,,,,,,,,,,,,,,,,,129.7,126,122.4,118.9,115.4,111.8,108.2,104.5,100.8,97.1,93.4,89.8,86.3,83,79.9,76.7,73.6,70.7,67.7,64.8,61.9,59.1,56.4,53.8,51.2,48.8,46.4,44.2,42.1,40.2
Saudi Arabia,SAU,"Mortality rate, under-5 (per 1,000 live births)",SH.DYN.MORT,,,,,,,,,,,,,160.5,150.2,140.7,131.5,123.2,115.3,107.9,100.9,94.3,88,82,76.4,71.1,65.9,61.1,56.5,52.2,48.1,44.4,41,37.9,35.1,32.6,30.4,28.3,26.5,24.8,23.3,22,20.7,19.5,18.4,17.4,16.4,15.4,14.5,13.6,12.7,11.9,11.1,10.4,9.7,9.1,8.4,7.9,7.4,7,6.6
Sudan,SDN,"Mortality rate, under-5 (per 1,000 live births)",SH.DYN.MORT,176,173,170,168,165.6,163.4,161.4,159.7,158.2,156.9,155.8,154.9,154,153.1,152.2,151.2,150.1,148.9,147.8,146.7,145.8,144.8,143.8,142.7,141.5,140.1,138.5,136.8,134.8,132.7,130.6,128.4,126.1,123.7,121.3,118.7,116,113.1,110.1,106.9,103.5,100.2,96.8,93.6,90.4,87.6,84.8,82.2,79.8,77.6,75.4,73.4,71.5,69.6,67.7,65.9,64.1,62.2,60.3,58.4
Senegal,SEN,"Mortality rate, under-5 (per 1,000 live births)",SH.DYN.MORT,296,296,296,297,297.2,297.3,296.7,295.7,294.1,291.5,287.9,283,277.1,269.8,261.4,251.8,241.5,231.1,221,212,204.3,197.7,191.7,185.6,178.9,171.1,162.8,154.8,147.9,142.4,138.6,136.6,136,136.5,137.5,138.5,139.1,138.8,137.3,134.2,129.1,122.6,115,107,99.1,91.8,85.3,79.5,74.5,70.2,66.3,63,60,57.4,55,52.8,50.6,48.8,47,45.3
Singapore,SGP,"Mortality rate, under-5 (per 1,000 live births)",SH.DYN.MORT,47.7,43.7,40.4,38,36.4,35.1,33.5,31.8,30.1,28.5,27.1,25.7,24.1,22,19.5,17.3,15.9,15.3,15.1,15,14.8,14.1,13.2,12.3,11.5,10.9,10.3,9.8,9.1,8.4,7.7,6.9,6.3,5.7,5.3,5,4.8,4.6,4.4,4.1,3.9,3.6,3.4,3.2,3,2.9,2.9,2.9,2.8,2.8,2.8,2.8,2.8,2.8,2.7,2.7,2.7,2.7,2.6,2.5
Solomon Islands,SLB,"Mortality rate, under-5 (per 1,000 live births)",SH.DYN.MORT,190,180,170,162,153.3,145.4,137.4,129.2,121,112.9,104.8,97.3,90.4,83.9,78.1,72.7,67.7,63.3,59.4,56,53.2,50.7,48.7,46.9,45.2,43.8,42.5,41.4,40.4,39.4,38.4,37.4,36.4,35.4,34.4,33.6,32.8,32.1,31.5,31,30.4,30,29.7,29.4,29.1,28.8,28.4,27.9,27.3,26.6,25.9,25.2,24.4,23.7,23,22.3,21.6,21,20.3,19.7
Sierra Leone,SLE,"Mortality rate, under-5 (per 1,000 live births)",SH.DYN.MORT,392,386,380,374,368.5,362.5,356.6,350.4,344.4,338.6,332.9,327.6,322.5,317.6,312.8,308.1,303.3,298.8,294.3,290.1,286.4,282.8,279.5,276.3,273.2,270.5,267.7,265.4,263.5,261.4,259.8,258.1,256.4,254.5,252.3,249.5,246.1,242.2,237.7,232.9,227.7,222.2,216.3,210.3,204,197.3,190.4,183.2,175.7,168.1,160.5,153.2,146.3,139.8,137.7,138.3,123.2,118.2,113.5,109.2
El Salvador,SLV,"Mortality rate, under-5 (per 1,000 live births)",SH.DYN.MORT,185,181,177,173,169.9,166.5,163.2,160,156.8,153.6,150.3,147,143.7,140,136,131.8,127.3,122.4,117.5,112.4,107,101.5,95.9,90.4,85,79.8,75.1,70.7,66.7,63,59.6,56.3,53.2,50.2,47.3,44.5,41.8,39.3,36.9,34.7,32.8,31,29.3,27.7,26.2,24.8,23.5,22.3,21.2,20.2,19.2,18.3,17.4,16.7,15.9,15.3,14.7,14.2,13.7,13.3
San Marino,SMR,"Mortality rate, under-5 (per 1,000 live births)",SH.DYN.MORT,,,,,,,,,,,,,,,,,,,,,,,,,,20.7,19.1,17.6,16.3,15,13.8,12.7,11.7,10.8,9.9,9.1,8.4,7.7,7.1,6.6,6,5.6,5.1,4.7,4.4,4,3.7,3.4,3.2,2.9,2.7,2.5,2.4,2.2,2.1,2,1.9,1.8,1.7,1.7
Somalia,SOM,"Mortality rate, under-5 (per 1,000 live births)",SH.DYN.MORT,,,,,,,,,,,,,,,,,,,,,,,196.3,193.8,191.1,189.5,187.9,186,184,181.5,178.2,174.7,172.3,171.4,171.2,171.1,171.1,171.1,171.1,171.1,171.1,171.1,171.1,171.1,171.1,171.1,170.5,168.3,164.9,160.8,156.1,151.4,146.6,142.1,137.3,132.7,128.4,124.4,120.3,117
Serbia,SRB,"Mortality rate, under-5 (per 1,000 live births)",SH.DYN.MORT,,,,,,,,,,,,,,,,,,,,,,,,,41.3,39.1,37.5,36.3,34.4,31.3,27.9,25.4,24.3,23.4,21.8,19.6,17.4,15.4,13.9,13.1,12.7,12.2,11.5,10.5,9.7,8.9,8.4,8.1,8,7.8,7.6,7.4,7.1,6.9,6.6,6.3,6,5.8,5.5,5.3
Sub-Saharan Africa (excluding high income),SSA,"Mortality rate, under-5 (per 1,000 live births)",SH.DYN.MORT,,,,,,,,,,,,,,,,,,,,,,,,,,,,,,,178.248893,176.670419,175.090372,173.499234,172.594658,169.862443,166.450568,163.437751,159.913415,155.349414,150.485594,145.360375,139.95549,134.541224,129.198462,124.026805,119.15539,114.32954,109.719178,105.263682,101.203547,97.4489677,94.0660551,90.9538722,88.2326766,85.6332414,82.9901371,80.5530972,78.0768077,75.742456
South Sudan,SSD,"Mortality rate, under-5 (per 1,000 live births)",SH.DYN.MORT,,,,,,,,,,,,,,,,,,,,,290.6,287,283.7,280.3,276.5,272.5,268.3,264.2,259.8,254.9,250.2,245.4,240,234.4,228.1,221.3,214.2,206.7,198.5,190.2,181.2,171.9,162.9,154.5,146.2,138.6,131.3,124.6,118.4,112.4,106.8,101.9,98.5,96.8,96.3,96.2,96.2,96.2,96.2,96.2
Sub-Saharan Africa,SSF,"Mortality rate, under-5 (per 1,000 live births)",SH.DYN.MORT,,,,,,,,,,,,,,,,,,,,,,,,,,,,,,,178.5,176.9,175.3,173.7,172.9,170.1,166.6,163.6,160,155.4,150.6,145.4,140,134.6,129.3,124.1,119.2,114.4,109.8,105.3,101.2,97.5,94.1,91,88.3,85.7,83,80.6,78.1,75.8
Small states,SST,"Mortality rate, under-5 (per 1,000 live births)",SH.DYN.MORT,,,,,,,,,,,,,,,,,,,,,,,,,,,,,,,80.0590353,78.9595611,78.165309,77.6197316,77.2717696,77.0572057,76.4421877,76.0996056,75.5037541,74.7076258,73.7622607,72.524414,71.0646246,69.558456,67.9412218,65.8297626,63.3319763,60.9436397,58.8818728,56.3472139,53.9106715,52.2910025,50.9896492,49.5199317,48.2742031,47.0605034,45.7987502,44.7191454,43.3242416,42.1058993
Sao Tome and Principe,STP,"Mortality rate, under-5 (per 1,000 live births)",SH.DYN.MORT,,,,,,96.4,93.2,90.4,88.3,86.8,86.2,86.1,86.5,87.3,88.1,88.6,89.1,89.3,89.7,90.1,90.8,91.9,93.4,95.3,97.5,99.7,101.7,103.6,105.3,106.6,107.6,108.2,108.2,107.6,106.2,103.9,100.9,97.2,93.1,88.7,84,79.3,74.7,70,65.6,61.6,57.7,54.1,50.8,47.9,45,42.4,40.1,38.1,36.3,34.7,33.3,32,30.9,29.8
Suriname,SUR,"Mortality rate, under-5 (per 1,000 live births)",SH.DYN.MORT,,,,,,,,,,,,,,,,,,,,,,,,56.9,55,53.2,51.4,49.7,48.1,46.5,45,43.5,41.9,40.5,39,37.5,36.1,34.8,33.5,32.3,31.2,30.1,29,28.1,27.2,26.5,25.7,25,24.3,23.7,23.1,22.5,21.9,21.3,20.8,20.2,19.6,19.1,18.5,18
Slovak Republic,SVK,"Mortality rate, under-5 (per 1,000 live births)",SH.DYN.MORT,,,,,,,,,,,,,,,,,,,,,,21.6,20.7,19.8,19,18.2,17.4,16.7,16,15.3,14.7,14.1,13.5,13,12.5,11.9,11.5,11,10.6,10.1,9.8,9.4,9.1,8.8,8.5,8.2,7.9,7.7,7.4,7.2,7,6.8,6.6,6.5,6.4,6.2,6.1,6,5.9,5.8
Slovenia,SVN,"Mortality rate, under-5 (per 1,000 live births)",SH.DYN.MORT,,,,,,,,,,,,,,,,,,,,,,18.1,17.1,16.1,15.2,14.3,13.5,12.6,11.8,11.1,10.4,9.7,9.1,8.5,7.9,7.4,7,6.5,6.2,5.8,5.5,5.2,4.9,4.7,4.4,4.2,4,3.8,3.6,3.4,3.2,3.1,2.9,2.8,2.6,2.5,2.4,2.3,2.2,2.1
Sweden,SWE,"Mortality rate, under-5 (per 1,000 live births)",SH.DYN.MORT,19.6,19.2,18.6,17.9,17.1,16.3,15.5,14.9,14.4,13.9,13.4,12.9,12.3,11.6,10.9,10.3,9.8,9.4,9,8.7,8.4,8.2,8,7.8,7.7,7.6,7.5,7.4,7.3,7.2,7,6.6,6.2,5.7,5.2,4.8,4.5,4.3,4.2,4.1,4.1,4.1,4,3.9,3.7,3.6,3.5,3.3,3.2,3.1,3.1,3,3,2.9,2.9,2.9,2.8,2.7,2.7,2.6
Eswatini,SWZ,"Mortality rate, under-5 (per 1,000 live births)",SH.DYN.MORT,209,206,202,199,194.9,190.9,186.6,182.4,178.3,173.9,169.4,164.4,159.2,153.5,147.6,141.6,135.6,129.6,124.1,118.6,113.2,107.7,102.1,96.4,91,85.7,80.7,76.3,72.5,69.4,67.4,67,68.5,72.2,77.4,83.7,89.6,95.4,100.6,105.3,109.7,112.8,114.6,116,116.7,116.7,108.8,104.9,103,96.7,86.6,77,71,68,66.9,59.2,58.9,62.3,55.3,49.4
Sint Maarten (Dutch part),SXM,"Mortality rate, under-5 (per 1,000 live births)",SH.DYN.MORT,,,,,,,,,,,,,,,,,,,,,,,,,,,,,,,,,,,,,,,,,,,,,,,,,,,,,,,,,,,,
Seychelles,SYC,"Mortality rate, under-5 (per 1,000 live births)",SH.DYN.MORT,105,103,102,99.9,97.9,95.4,92.4,88.9,84.8,80.3,75.4,70.4,65.4,60.5,55.6,50.8,46.1,41.6,37.5,33.8,30.5,27.6,25.3,23.3,21.7,20.4,19.3,18.4,17.6,16.9,16.3,15.8,15.3,14.9,14.6,14.3,14.1,14,13.9,13.8,13.8,13.7,13.7,13.7,13.7,13.7,13.8,13.8,13.9,14,14.1,14.2,14.3,14.5,14.6,14.8,14.8,14.7,14.5,14.2
Syrian Arab Republic,SYR,"Mortality rate, under-5 (per 1,000 live births)",SH.DYN.MORT,170,162,154,147,140.9,134.8,128.7,122.5,116.3,110.1,104.1,98.4,93.1,88.1,83.5,79.1,74.9,70.8,66.8,63,59.4,56,53,50.2,47.7,45.3,43.2,41.4,39.6,38.1,36.6,35.1,33.6,32.1,30.6,29.1,27.7,26.4,25.2,24.1,23.1,22.2,21.4,20.8,20.2,19.8,19.4,19.2,19,19,19,19.4,21.8,23.1,23.9,23.2,23.3,23,22.1,21.5
Turks and Caicos Islands,TCA,"Mortality rate, under-5 (per 1,000 live births)",SH.DYN.MORT,,,,,,,,,,,,,,,,,,,,,,,,,,,,,,,,,,,,,,,,,,,,,,,,,,,,,,,,,,,,
Chad,TCD,"Mortality rate, under-5 (per 1,000 live births)",SH.DYN.MORT,,,,,,,,,,,,,251.6,250.1,248.6,247.4,246.1,244.6,243.1,241.4,239.3,237.2,234.8,232.2,229.5,226.7,223.8,220.9,218,215.1,212.1,209.2,206.4,203.9,201.4,199.1,196.8,194.3,191.5,188.4,185.1,181.7,178.4,175.1,171.6,168.1,164.4,160.6,156.7,152.6,148.6,144.5,140.7,136.8,133.1,129.4,125.6,121.5,117.7,113.8
East Asia & Pacific (IDA & IBRD countries),TEA,"Mortality rate, under-5 (per 1,000 live births)",SH.DYN.MORT,,,,,,,,,,,,,,,,,,,,,,,,,,,,,,,59.8883904,58.6661362,57.2608775,55.5319107,53.6561203,51.7275068,49.778848,47.8023978,45.7973039,43.7811082,41.6367741,39.3852319,37.079939,34.8071157,33.6985056,30.6819769,28.8324032,27.1730226,26.3842912,24.2719034,22.9907662,21.7907773,20.6811138,19.6634449,18.7286865,17.8364331,17.0139052,16.2795315,15.5723458,14.9364583
Europe & Central Asia (IDA & IBRD countries),TEC,"Mortality rate, under-5 (per 1,000 live births)",SH.DYN.MORT,,,,,,,,,,,,,,,,,,,,,,,,,,,,,,,44.2535795,43.8864093,43.8321256,43.6518848,43.1632808,42.3210504,41.0841811,39.4808327,37.6654035,35.7170314,33.6480054,31.5964355,29.5660684,27.6062021,25.8192242,24.1109275,22.529102,21.105834,19.8473755,18.7143967,17.716466,16.8180846,15.9612729,15.2007007,14.3734044,13.5975442,12.85056,12.2015382,11.5950227,11.07249
Togo,TGO,"Mortality rate, under-5 (per 1,000 live births)",SH.DYN.MORT,269,264,260,255,250.5,245.9,241.4,236.6,231.9,227.1,222.3,217.5,212.7,208,203.2,198.6,194,189.4,184.9,180.5,176.4,172.3,168.4,164.7,161.2,157.9,154.8,151.9,149.2,146.8,144.5,142.4,140.2,138.1,135.7,133.2,130.4,127.5,124.4,121.2,117.9,114.5,111.3,108.1,104.9,101.9,99,96.1,93.3,90.6,88,85.4,82.9,80.5,78.1,75.8,73.5,71.3,69.1,66.9
Thailand,THA,"Mortality rate, under-5 (per 1,000 live births)",SH.DYN.MORT,146,141,136,131,126.5,121.8,117.2,112.5,107.8,103.1,98.5,93.9,89.5,85.1,81,77.1,73.4,69.9,66.6,63.5,60.6,57.8,55.1,52.6,50.2,47.8,45.6,43.3,41.1,39,36.9,35,33.1,31.4,29.8,28.3,26.9,25.5,24.3,23.1,22,20.9,19.9,19,18.1,17.2,16.4,15.6,14.9,14.2,13.6,13,12.4,11.8,11.3,10.8,10.3,9.9,9.4,9
Tajikistan,TJK,"Mortality rate, under-5 (per 1,000 live births)",SH.DYN.MORT,,,,,,,,,,,,,154.7,149.2,144.3,140,136.2,133.2,131,129.7,129.1,128.7,127.9,126.3,123.3,119.3,114.3,109.1,104.8,102.2,101.9,104.8,109.4,113,113.6,111.5,107.5,102.3,96.3,90,83.6,77.2,71.1,65.4,60.4,55.8,52,48.9,46.4,44.5,42.9,41.6,40.6,39.6,38.7,37.7,36.8,35.8,34.8,33.8
Turkmenistan,TKM,"Mortality rate, under-5 (per 1,000 live births)",SH.DYN.MORT,,,,,,,,,,,,,,,,,,132.8,128.2,123.6,118.9,114.2,109.6,104.9,100.1,95.6,91.4,87.5,84.2,81.6,79.8,78.9,78.8,79.2,79.7,80.1,79.6,78.3,76.2,73.2,69.8,66,62.2,58.6,55.2,52.1,49.3,47.1,45.3,43.8,42.8,42.1,41.7,41.6,41.7,41.9,42.2,42.5,42.4,42
Latin America & the Caribbean (IDA & IBRD countries),TLA,"Mortality rate, under-5 (per 1,000 live births)",SH.DYN.MORT,,,,,,,,,,,,,,,,,,,,,,,,,,,,,,,55.228025,52.8445253,50.4484993,48.0736059,45.7278265,43.4214125,41.2203065,39.1044365,37.5142188,35.4991564,33.4268596,31.7900445,30.2376288,28.7903906,27.4422737,26.2101413,25.0954316,24.0376882,23.1011532,22.242657,24.741109,20.6962271,20.0220459,19.3834007,18.7796153,18.2569901,18.2884849,17.4149643,16.9037963,16.3786605
Timor-Leste,TLS,"Mortality rate, under-5 (per 1,000 live births)",SH.DYN.MORT,,,,,,,,,,,,,,,,,,,,,,,,,,221.1,210.8,201.1,191.8,183,174.7,166.8,159.4,152.2,145.2,138.5,132,125.7,119.7,113.8,108.1,102.5,97,91.6,86.3,81.3,76.5,72.1,68.2,64.8,61.8,59.1,56.8,54.5,52.6,50.8,49,47.3,45.6,44.2
Middle East & North Africa (IDA & IBRD countries),TMN,"Mortality rate, under-5 (per 1,000 live births)",SH.DYN.MORT,,,,,,,,,,,,,,,,,,,,,,,,,,,,,,,68.6159285,65.9973835,63.5706108,61.1982822,58.8755744,56.5855078,54.2937388,52.0695239,49.8457918,47.6998585,45.6049379,43.5546104,41.5817212,39.7195038,37.9485093,36.2854322,34.7039582,33.1971881,31.766584,30.4615021,29.371009,28.4784134,27.7846767,27.1032643,26.4713533,25.956738,25.3257265,24.7001773,24.2739939,23.7321278
Tonga,TON,"Mortality rate, under-5 (per 1,000 live births)",SH.DYN.MORT,,,,79,74.1,69.5,65.1,60.8,56.7,52.8,49.3,46.1,43.3,40.8,38.7,36.8,35,33.4,31.9,30.6,29.4,28.4,27.6,26.8,26.2,25.7,25.1,24.5,23.8,23,22.2,21.4,20.7,20.1,19.6,19.3,19,18.8,18.6,18.3,18,17.7,17.4,17.2,17.1,17,16.9,16.9,16.9,16.9,16.8,16.8,16.8,16.8,16.8,16.8,16.8,16.8,16.8,16.6
South Asia (IDA & IBRD),TSA,"Mortality rate, under-5 (per 1,000 live births)",SH.DYN.MORT,,,,,,,,,,,,,,,,,,,,,,,,,,,,,,,129.643935,125.977005,122.435545,118.908546,115.357569,111.816539,108.19632,104.503437,100.761881,97.0595671,93.4040038,89.8230537,86.3130042,83.0292817,79.9361573,76.6878873,73.6427622,70.6355666,67.7243046,64.7832852,61.9232564,59.1551077,56.4251158,53.8192915,51.2276311,48.7942574,46.4308141,44.2133245,42.1472353,40.223834
Sub-Saharan Africa (IDA & IBRD countries),TSS,"Mortality rate, under-5 (per 1,000 live births)",SH.DYN.MORT,,,,,,,,,,,,,,,,,,,,,,,,,,,,,,,178.236857,176.658841,175.07926,173.488603,172.58447,169.85278,166.441421,163.429034,159.905075,155.341443,150.477955,145.353045,139.948473,134.534528,129.192094,124.020778,119.149709,114.324212,109.714202,105.259047,101.199229,97.4449372,94.0622785,90.9503235,88.2293197,85.6300666,82.9871315,80.5502515,78.0741214,75.7399219
Trinidad and Tobago,TTO,"Mortality rate, under-5 (per 1,000 live births)",SH.DYN.MORT,67.6,65.2,63,60.9,59.1,57.5,56,54.7,53.6,52.5,51.4,50.4,49.3,48.2,47.1,45.8,44.5,43.2,41.9,40.6,39.3,38.1,36.9,35.8,34.8,33.8,33,32.2,31.5,30.9,30.4,29.9,29.5,29.2,28.9,28.7,28.5,28.4,28.3,28.2,28.2,28,27.8,27.3,26.8,26.3,25.6,25,24.3,23.6,22.9,22.2,21.5,20.8,20.3,19.7,19.1,18.6,18.1,17.5
Tunisia,TUN,"Mortality rate, under-5 (per 1,000 live births)",SH.DYN.MORT,,,270,257,245.3,233.7,222.1,210.6,199.6,188.9,179,169.6,160.5,151.5,142.7,133.8,125.2,116.7,108.8,101.7,95.2,89.4,84.1,79.3,74.8,70.7,66.9,63.5,60.5,57.8,55.3,52.9,50.5,48.1,45.5,42.8,40,37.3,34.6,32.1,29.9,27.8,26.1,24.5,23.2,22,21,20.2,19.4,18.9,18.4,18,17.7,17.5,17.3,17.2,17.1,17.1,17,16.9
Turkey,TUR,"Mortality rate, under-5 (per 1,000 live births)",SH.DYN.MORT,257,250,242,234,226,218.7,211.7,205.3,199.2,193.3,187.6,182,176.3,170.5,164.5,158.4,152.3,146.3,140.2,134.1,127.9,121.8,115.7,109.8,104,98.4,93,87.8,82.9,78.3,73.9,69.7,65.7,61.8,58.1,54.6,51.2,47.8,44.6,41.6,38.6,35.9,33.3,30.8,28.6,26.5,24.5,22.7,21.1,19.6,18.2,17,15.8,14.8,13.8,13,12.1,11.4,10.7,10
Tuvalu,TUV,"Mortality rate, under-5 (per 1,000 live births)",SH.DYN.MORT,,,,,,,,,,,,,,,,80.5,77,73.6,70.6,67.8,65.3,63.1,61.1,59.4,58,56.8,56,55.1,54.5,53.8,53.1,52.3,51.4,50.4,49.2,47.9,46.6,45.2,43.8,42.4,41.1,39.9,38.9,37.9,37.1,36.3,35.5,34.7,33.8,32.8,31.8,30.9,30,29,28.2,27.2,26.4,25.5,24.7,23.9
Tanzania,TZA,"Mortality rate, under-5 (per 1,000 live births)",SH.DYN.MORT,241,239,237,235,232,229.1,226,222.7,219.4,216.3,212.9,209.5,206.1,202.3,198.4,194.3,190.1,186.1,182.4,179.3,177.5,176.8,176.7,176.9,176.9,176.3,174.7,172.6,170.2,167.5,165.1,163.1,161.3,159.5,157.4,155,151.8,147.6,142.4,136.1,128.8,121.1,113.3,106.1,99.6,93.7,88.6,83.8,79.7,75.5,71.9,68.4,65.3,62.6,59.9,57.9,55.8,53.8,51.8,50.3
Uganda,UGA,"Mortality rate, under-5 (per 1,000 live births)",SH.DYN.MORT,222,218,215,211,207.2,203.9,200.4,197.1,194.2,192,191,190.8,191.6,193.4,196.4,200.2,204.7,209.3,213.4,216.2,218,216.5,212.2,206.4,200.7,196.2,192.9,190.5,188.4,185.6,182.1,177.9,173.8,170.1,167.2,165.1,162.9,160.3,156.8,152.2,146.3,139.3,131.7,123.6,115.4,107.4,100.2,93.5,87.5,82.1,77,72.5,67.6,63.3,59.4,56.1,52.8,50.2,48,45.8
Ukraine,UKR,"Mortality rate, under-5 (per 1,000 live births)",SH.DYN.MORT,,,,,,,,,,,,33.8,32.7,31.6,30.6,29.8,29.1,28.6,28,27.5,26.8,26,25.1,24.2,23.2,22.3,21.4,20.7,20.1,19.6,19.4,19.3,19.4,19.7,20,20.2,20.3,20.1,19.7,19.1,18.3,17.5,16.7,15.9,15.2,14.5,13.9,13.4,12.9,12.3,11.7,11.2,10.7,10.2,9.8,9.5,9.2,8.9,8.6,8.4
Upper middle income,UMC,"Mortality rate, under-5 (per 1,000 live births)",SH.DYN.MORT,,,,,,,,,,,,,,,,,,,,,,,,,,,,,,,54.7,53.3,51.8,50.1,48.3,46.5,44.6,42.7,40.8,38.9,36.9,35,33,31.1,30.1,27.7,26.1,24.6,23.2,21.8,20.5,19.3,18.3,17.4,16.6,15.8,15.2,14.5,13.9,13.3
Uruguay,URY,"Mortality rate, under-5 (per 1,000 live births)",SH.DYN.MORT,63.5,62.2,60.7,59.3,58.3,57.7,57.4,57,56.3,55.1,53.9,53.3,53.3,54,54.9,55.3,54.4,52.1,48.4,44,39.7,35.9,32.9,30.9,29.5,28.5,27.4,26.2,25,23.9,22.9,22.2,21.7,21.3,20.9,20.5,19.9,19.1,18.3,17.6,17,16.5,16.2,15.7,15.1,14.3,13.5,12.6,11.9,11.2,10.7,10.3,9.9,9.6,9.2,8.8,8.4,8,7.5,7.1
United States,USA,"Mortality rate, under-5 (per 1,000 live births)",SH.DYN.MORT,30.1,29.5,28.9,28.3,27.7,27.1,26.4,25.7,24.9,24.1,23.2,22.4,21.5,20.6,19.7,18.8,17.9,17.1,16.3,15.6,15,14.4,13.9,13.4,13,12.7,12.4,12.1,11.9,11.6,11.2,10.9,10.5,10.1,9.8,9.5,9.2,8.9,8.8,8.6,8.4,8.3,8.2,8.1,8.1,8,7.9,7.7,7.6,7.5,7.3,7.2,7.1,7,6.9,6.8,6.7,6.7,6.6,6.5
Uzbekistan,UZB,"Mortality rate, under-5 (per 1,000 live births)",SH.DYN.MORT,,,,,,,,,,,,,,,,,,,,125.7,117.7,110,102.9,96.6,90.9,85.9,81.5,77.9,75.2,73.3,72.3,72,71.9,71.6,71,70.3,69.4,68.1,66.5,64.4,62,59.2,56.1,53.1,50.1,47.1,44.2,41.3,38.5,35.9,33.3,30.9,28.6,26.6,24.6,22.8,21.1,19.6,18.4,17.4
St. Vincent and the Grenadines,VCT,"Mortality rate, under-5 (per 1,000 live births)",SH.DYN.MORT,175,163,150,135,121.2,108.4,97.7,89,82.4,77.8,75.1,74,74.1,74.9,75.4,74.7,72.4,68.6,63.6,58.1,52.9,47.9,43.3,39.1,35.4,32.3,29.7,27.6,26,24.7,23.8,23.1,22.6,22.3,22.2,22.2,22.3,22.3,22.3,22.3,22.2,22,21.9,21.7,21.6,21.5,21.3,21.1,20.7,20.3,19.8,19.2,18.6,18,17.4,16.8,16.2,15.6,15.1,14.6
"Venezuela, RB",VEN,"Mortality rate, under-5 (per 1,000 live births)",SH.DYN.MORT,79.2,76.6,74.4,72.5,70.8,69.4,68,66.7,65.3,63.8,62.2,60.4,58.6,56.8,55.1,53.4,51.6,49.7,47.8,45.8,43.9,42,40.3,38.8,37.4,36.1,34.8,33.5,32.1,30.8,29.5,28.5,27.8,27.2,26.7,26.2,25.5,24.5,23.5,27.6,21.6,20.9,20.3,19.8,19.1,18.5,17.9,17.4,17.2,17,17.1,17.2,17.3,17.6,18,19.1,24.2,24.2,24.2,24.2
British Virgin Islands,VGB,"Mortality rate, under-5 (per 1,000 live births)",SH.DYN.MORT,,,,,,,,,,,,,,,,,,,,,,,,,,,,,,,,,,,,,,,,,,,,,,,,,,,,,,,,,,,,
Virgin Islands (U.S.),VIR,"Mortality rate, under-5 (per 1,000 live births)",SH.DYN.MORT,,,,,,,,,,,,,,,,,,,,,,,,,,,,,,,,,,,,,,,,,,,,,,,,,,,,,,,,,,,,
Vietnam,VNM,"Mortality rate, under-5 (per 1,000 live births)",SH.DYN.MORT,,,,,86.3,85.6,85,84.3,83.7,82.9,82.1,81.3,80.3,79.1,77.9,76.6,75.1,73.4,71.7,70.1,68.5,66.9,65.4,64.1,62.7,61.3,59.7,57.9,55.9,53.6,51.3,48.8,46.3,43.7,41.3,38.9,36.7,34.7,32.8,31.2,29.7,28.5,27.3,26.4,25.6,24.9,24.3,23.9,23.5,23.1,22.9,22.6,22.3,22.1,21.8,21.5,21.2,20.8,20.4,19.9
Vanuatu,VUT,"Mortality rate, under-5 (per 1,000 live births)",SH.DYN.MORT,153,150,145,141,136.4,131.7,126.9,122.1,117.3,112.8,108.2,103.8,99.6,95.6,91.7,88,84.4,80.8,77,72.9,68.6,64.4,60,55.6,51.5,47.7,44.4,41.6,39.1,37,35.3,33.7,32.4,31.3,30.4,29.7,29.2,33.4,28.6,28.4,28.3,28.2,28.2,28.2,28.3,28.5,28.7,28.9,29.1,29.4,29.6,29.7,29.8,29.6,29.2,28.7,28,27.3,26.6,25.9
World,WLD,"Mortality rate, under-5 (per 1,000 live births)",SH.DYN.MORT,,,,,,,,,,,,,,,,,,,,,,,,,,,,,,,93,91.7,90.5,89.3,88.1,86.5,84.6,82.7,80.7,78.3,75.8,73.2,70.5,67.8,65.4,62.6,60.1,57.7,55.5,53.1,51.2,49,47.2,45.5,44,42.6,41.3,40,38.8,37.7
Samoa,WSM,"Mortality rate, under-5 (per 1,000 live births)",SH.DYN.MORT,108,104,100,96.5,93.2,90,86.8,83.3,79.6,75.8,72,68.4,65.1,62.1,59.2,56.5,54,51.6,49.3,47.1,45.1,43.1,41.2,39.4,37.6,36,34.5,33.2,31.9,30.8,29.8,28.8,27.8,26.8,25.9,24.9,24,23.1,22.3,21.5,20.7,20.1,19.5,19.1,18.8,18.7,18.6,18.6,18.6,24,18.4,18.2,18,17.7,17.3,16.9,16.4,16,15.5,15
Kosovo,XKX,"Mortality rate, under-5 (per 1,000 live births)",SH.DYN.MORT,,,,,,,,,,,,,,,,,,,,,,,,,,,,,,,,,,,,,,,,,,,,,,,,,,,,,,,,,,,,
"Yemen, Rep.",YEM,"Mortality rate, under-5 (per 1,000 live births)",SH.DYN.MORT,,,410,403,394.5,385.4,375.1,363.8,351.6,339.2,326.7,314.9,303.3,292.3,281.4,270,258.1,245.7,233.1,220.3,207.6,195.1,183.3,172.2,162.2,153.5,146.2,140,134.7,130,125.8,122.2,119,116.2,113.8,111.6,109.3,106.7,103.2,99.2,94.8,90.1,85.3,80.7,76.4,72.3,68.3,64.5,61,57.9,56,55.2,55,55,55.2,57.1,56.8,57,58.5,58.4
South Africa,ZAF,"Mortality rate, under-5 (per 1,000 live births)",SH.DYN.MORT,,,,,,,,,,,,,,,128.6,121.7,115,108.7,102.8,97.3,92.2,87.4,82.9,78.7,74.8,71.1,67.8,64.6,61.8,59.3,57.3,56,55.5,56,57.3,59.4,61.8,64.1,66.8,69.3,71.1,73,74.4,76,78.1,79.1,79.4,75.3,68.7,59.8,51.2,44.8,40.9,39.2,38.1,37.1,36.2,35.6,35,34.5
Zambia,ZMB,"Mortality rate, under-5 (per 1,000 live births)",SH.DYN.MORT,205,201,198,195,192.2,190.3,188.8,187.6,185.9,183.4,179.9,175.3,170.1,165,160.5,157.1,155.2,154.5,154.7,155.3,156.2,157,158.2,160.2,163.2,166.7,170.4,173.8,176.6,178.4,179.5,179.7,179.3,177.7,175.3,172.2,169.1,166,162.6,158.2,152.1,143.6,133.9,124.2,114.8,106.3,99,93.6,88.9,84,79.6,77.2,75.1,72.5,69.8,68.5,66.5,64.3,63.3,61.7
Zimbabwe,ZWE,"Mortality rate, under-5 (per 1,000 live births)",SH.DYN.MORT,151,147,143,138,133.6,129,125,121.4,118.5,116.3,114.6,113.5,112.8,112.3,112.1,112.3,112.3,112.4,111.7,110,107.2,103,97.8,92,86.2,81,76.9,74.5,73.5,74.3,76.6,79.8,83.8,87.8,91.4,94.4,96.2,96.5,95.6,94.1,92.7,91.3,90.7,90.6,91.3,92.2,94.3,95.3,94.6,92.1,87.6,81.4,73.8,67.8,64.4,62,59.5,58.2,55.9,54.6